component_id,closed_px,emitted_px,centroid_row,centroid_col,centroid_lon,centroid_lat,median_distance_to_known_m,assessment
1,25,21,6.88,769.96,-119.1259,40.7017,640.3,"below 200-closed-px screen; NOT an identified fault; inspect shape, bands and 1m/field data"
2,31,28,4.0,789.48,-119.1029,40.7047,473.6,"below 200-closed-px screen; NOT an identified fault; inspect shape, bands and 1m/field data"
3,4,4,2.75,845.75,-119.0364,40.707,364.3,"below 200-closed-px screen; NOT an identified fault; inspect shape, bands and 1m/field data"
4,142,111,22.68,938.51,-118.9261,40.6909,223.6,"below 200-closed-px screen; NOT an identified fault; inspect shape, bands and 1m/field data"
7,1,1,2.0,2076.0,-117.5802,40.7242,5059.6,"below 200-closed-px screen; NOT an identified fault; inspect shape, bands and 1m/field data"
8,72,62,9.47,2128.11,-117.5185,40.7177,200.0,"below 200-closed-px screen; NOT an identified fault; inspect shape, bands and 1m/field data"
11,3,3,5.0,2080.67,-117.5747,40.7215,4492.2,"below 200-closed-px screen; NOT an identified fault; inspect shape, bands and 1m/field data"
12,1,1,4.0,2897.0,-116.6081,40.7232,100.0,"below 200-closed-px screen; NOT an identified fault; inspect shape, bands and 1m/field data"
13,105,79,13.5,3197.73,-116.2521,40.7129,200.0,"below 200-closed-px screen; NOT an identified fault; inspect shape, bands and 1m/field data"
14,8,8,7.62,841.25,-119.0416,40.7025,316.2,"below 200-closed-px screen; NOT an identified fault; inspect shape, bands and 1m/field data"
15,1,1,5.0,2895.0,-116.6104,40.7223,100.0,"below 200-closed-px screen; NOT an identified fault; inspect shape, bands and 1m/field data"
16,2,2,5.0,2988.5,-116.4997,40.7218,100.0,"below 200-closed-px screen; NOT an identified fault; inspect shape, bands and 1m/field data"
17,2,2,7.5,689.5,-119.2211,40.6993,886.7,"below 200-closed-px screen; NOT an identified fault; inspect shape, bands and 1m/field data"
18,66,55,16.62,2244.05,-117.3812,40.7118,141.4,"below 200-closed-px screen; NOT an identified fault; inspect shape, bands and 1m/field data"
19,5,5,11.4,1085.2,-118.7529,40.7039,1627.9,"below 200-closed-px screen; NOT an identified fault; inspect shape, bands and 1m/field data"
20,2,2,10.5,2220.5,-117.4091,40.7172,1343.5,"below 200-closed-px screen; NOT an identified fault; inspect shape, bands and 1m/field data"
21,3,3,12.0,2075.0,-117.5813,40.7152,4860.0,"below 200-closed-px screen; NOT an identified fault; inspect shape, bands and 1m/field data"
22,1,1,11.0,2207.0,-117.425,40.7167,1044.0,"below 200-closed-px screen; NOT an identified fault; inspect shape, bands and 1m/field data"
23,69,45,26.52,697.25,-119.2114,40.6824,141.4,"below 200-closed-px screen; NOT an identified fault; inspect shape, bands and 1m/field data"
24,6,6,15.83,665.0,-119.2498,40.6912,3104.0,"below 200-closed-px screen; NOT an identified fault; inspect shape, bands and 1m/field data"
25,6,5,16.17,2072.0,-117.5848,40.7114,4854.9,"below 200-closed-px screen; NOT an identified fault; inspect shape, bands and 1m/field data"
26,27,17,23.85,829.89,-119.0546,40.6877,200.0,"below 200-closed-px screen; NOT an identified fault; inspect shape, bands and 1m/field data"
27,30,11,23.27,2121.37,-117.5263,40.7053,300.0,"below 200-closed-px screen; NOT an identified fault; inspect shape, bands and 1m/field data"
28,1,1,22.0,782.0,-119.1113,40.6883,1204.2,"below 200-closed-px screen; NOT an identified fault; inspect shape, bands and 1m/field data"
29,37,27,30.43,2386.76,-117.2122,40.6998,100.0,"below 200-closed-px screen; NOT an identified fault; inspect shape, bands and 1m/field data"
30,4,3,25.0,2230.75,-117.3969,40.7042,100.0,"below 200-closed-px screen; NOT an identified fault; inspect shape, bands and 1m/field data"
31,1,1,26.0,2173.0,-117.4652,40.7031,3400.0,"below 200-closed-px screen; NOT an identified fault; inspect shape, bands and 1m/field data"
32,4,4,26.5,3195.5,-116.2549,40.7012,170.7,"below 200-closed-px screen; NOT an identified fault; inspect shape, bands and 1m/field data"
33,3,3,28.0,1008.0,-118.8438,40.6875,2469.8,"below 200-closed-px screen; NOT an identified fault; inspect shape, bands and 1m/field data"
34,2,2,27.5,2115.5,-117.5333,40.7014,828.0,"below 200-closed-px screen; NOT an identified fault; inspect shape, bands and 1m/field data"
35,21,21,31.19,2455.95,-117.1303,40.6993,200.0,"below 200-closed-px screen; NOT an identified fault; inspect shape, bands and 1m/field data"
36,3,2,29.0,653.0,-119.2636,40.6791,4119.5,"below 200-closed-px screen; NOT an identified fault; inspect shape, bands and 1m/field data"
37,1,1,29.0,3194.0,-116.2567,40.6989,412.3,"below 200-closed-px screen; NOT an identified fault; inspect shape, bands and 1m/field data"
38,1,1,30.0,2482.0,-117.0994,40.7004,1897.4,"below 200-closed-px screen; NOT an identified fault; inspect shape, bands and 1m/field data"
39,7,7,32.86,649.57,-119.2675,40.6756,4500.0,"below 200-closed-px screen; NOT an identified fault; inspect shape, bands and 1m/field data"
40,6,5,33.5,2171.0,-117.4675,40.6963,2607.7,"below 200-closed-px screen; NOT an identified fault; inspect shape, bands and 1m/field data"
41,5,5,32.8,2480.4,-117.1013,40.6978,1878.8,"below 200-closed-px screen; NOT an identified fault; inspect shape, bands and 1m/field data"
42,35,25,41.2,927.4,-118.9388,40.674,761.6,"below 200-closed-px screen; NOT an identified fault; inspect shape, bands and 1m/field data"
43,17,14,36.12,2743.35,-116.7901,40.6947,141.4,"below 200-closed-px screen; NOT an identified fault; inspect shape, bands and 1m/field data"
44,1,1,36.0,1005.0,-118.8471,40.6802,3189.0,"below 200-closed-px screen; NOT an identified fault; inspect shape, bands and 1m/field data"
45,1,1,37.0,2730.0,-116.8059,40.6939,922.0,"below 200-closed-px screen; NOT an identified fault; inspect shape, bands and 1m/field data"
46,3,3,37.0,2941.0,-116.5562,40.6932,100.0,"below 200-closed-px screen; NOT an identified fault; inspect shape, bands and 1m/field data"
47,2,2,38.5,3188.0,-116.2639,40.6904,100.0,"below 200-closed-px screen; NOT an identified fault; inspect shape, bands and 1m/field data"
48,11,9,42.27,695.09,-119.2134,40.6681,141.4,"below 200-closed-px screen; NOT an identified fault; inspect shape, bands and 1m/field data"
49,154,106,56.76,2379.25,-117.221,40.6761,141.4,"below 200-closed-px screen; NOT an identified fault; inspect shape, bands and 1m/field data"
50,10,7,40.2,2478.3,-117.1038,40.6912,2061.6,"below 200-closed-px screen; NOT an identified fault; inspect shape, bands and 1m/field data"
51,3,3,40.67,2934.67,-116.5637,40.69,100.0,"below 200-closed-px screen; NOT an identified fault; inspect shape, bands and 1m/field data"
52,28,24,45.07,643.68,-119.2741,40.6644,4968.3,"below 200-closed-px screen; NOT an identified fault; inspect shape, bands and 1m/field data"
53,113,61,50.94,818.97,-119.0667,40.663,360.6,"below 200-closed-px screen; NOT an identified fault; inspect shape, bands and 1m/field data"
54,1,1,41.0,3056.0,-116.4201,40.689,141.4,"below 200-closed-px screen; NOT an identified fault; inspect shape, bands and 1m/field data"
55,4,3,42.75,2928.0,-116.5716,40.6881,141.4,"below 200-closed-px screen; NOT an identified fault; inspect shape, bands and 1m/field data"
56,2,2,42.5,3141.0,-116.3195,40.6871,1210.4,"below 200-closed-px screen; NOT an identified fault; inspect shape, bands and 1m/field data"
57,3,3,44.0,3054.33,-116.4221,40.6863,141.4,"below 200-closed-px screen; NOT an identified fault; inspect shape, bands and 1m/field data"
58,15,12,47.33,3136.47,-116.3249,40.6828,839.5,"below 200-closed-px screen; NOT an identified fault; inspect shape, bands and 1m/field data"
59,1,1,45.0,950.0,-118.912,40.6711,100.0,"below 200-closed-px screen; NOT an identified fault; inspect shape, bands and 1m/field data"
60,38,28,50.76,1672.97,-118.0567,40.6769,211.8,"below 200-closed-px screen; NOT an identified fault; inspect shape, bands and 1m/field data"
61,1,1,45.0,2447.0,-117.1408,40.6868,100.0,"below 200-closed-px screen; NOT an identified fault; inspect shape, bands and 1m/field data"
62,40,16,48.83,2920.38,-116.5806,40.6827,282.8,"below 200-closed-px screen; NOT an identified fault; inspect shape, bands and 1m/field data"
63,1,1,45.0,3225.0,-116.2201,40.6843,2912.0,"below 200-closed-px screen; NOT an identified fault; inspect shape, bands and 1m/field data"
64,1,1,46.0,2730.0,-116.8059,40.6858,400.0,"below 200-closed-px screen; NOT an identified fault; inspect shape, bands and 1m/field data"
65,1,1,47.0,949.0,-118.9131,40.6692,100.0,"below 200-closed-px screen; NOT an identified fault; inspect shape, bands and 1m/field data"
66,31,11,51.87,2719.97,-116.8178,40.6806,200.0,"below 200-closed-px screen; NOT an identified fault; inspect shape, bands and 1m/field data"
67,1,1,47.0,3053.0,-116.4237,40.6837,141.4,"below 200-closed-px screen; NOT an identified fault; inspect shape, bands and 1m/field data"
68,1,1,48.0,694.0,-119.2146,40.6629,100.0,"below 200-closed-px screen; NOT an identified fault; inspect shape, bands and 1m/field data"
69,1,1,48.0,2163.0,-117.4769,40.6832,1000.0,"below 200-closed-px screen; NOT an identified fault; inspect shape, bands and 1m/field data"
70,3,3,50.0,948.0,-118.9142,40.6665,100.0,"below 200-closed-px screen; NOT an identified fault; inspect shape, bands and 1m/field data"
71,1,1,49.0,2111.0,-117.5384,40.682,100.0,"below 200-closed-px screen; NOT an identified fault; inspect shape, bands and 1m/field data"
72,9,7,50.78,2438.78,-117.1505,40.6816,100.0,"below 200-closed-px screen; NOT an identified fault; inspect shape, bands and 1m/field data"
73,1,1,49.0,2912.0,-116.5906,40.6826,100.0,"below 200-closed-px screen; NOT an identified fault; inspect shape, bands and 1m/field data"
74,1,1,50.0,2482.0,-117.0994,40.6823,2983.3,"below 200-closed-px screen; NOT an identified fault; inspect shape, bands and 1m/field data"
75,1,1,50.0,3051.0,-116.4261,40.681,200.0,"below 200-closed-px screen; NOT an identified fault; inspect shape, bands and 1m/field data"
76,1,1,51.0,2165.0,-117.4745,40.6805,943.4,"below 200-closed-px screen; NOT an identified fault; inspect shape, bands and 1m/field data"
77,76,43,59.92,3189.89,-116.2618,40.6711,200.0,"below 200-closed-px screen; NOT an identified fault; inspect shape, bands and 1m/field data"
78,6,5,54.17,2902.0,-116.6024,40.6779,100.0,"below 200-closed-px screen; NOT an identified fault; inspect shape, bands and 1m/field data"
79,1,1,54.0,2695.0,-116.8474,40.6787,1272.8,"below 200-closed-px screen; NOT an identified fault; inspect shape, bands and 1m/field data"
80,1,1,54.0,3278.0,-116.1575,40.6757,7727.9,"below 200-closed-px screen; NOT an identified fault; inspect shape, bands and 1m/field data"
81,6,5,56.83,2048.67,-117.6121,40.6746,2209.1,"below 200-closed-px screen; NOT an identified fault; inspect shape, bands and 1m/field data"
82,1,1,55.0,2509.0,-117.0674,40.6779,5437.8,"below 200-closed-px screen; NOT an identified fault; inspect shape, bands and 1m/field data"
83,1,1,55.0,2917.0,-116.5847,40.6771,632.5,"below 200-closed-px screen; NOT an identified fault; inspect shape, bands and 1m/field data"
84,1,1,56.0,2432.0,-117.1586,40.6769,100.0,"below 200-closed-px screen; NOT an identified fault; inspect shape, bands and 1m/field data"
85,2,2,56.0,2700.5,-116.8408,40.6769,850.3,"below 200-closed-px screen; NOT an identified fault; inspect shape, bands and 1m/field data"
86,8,8,58.5,2712.62,-116.8265,40.6746,120.7,"below 200-closed-px screen; NOT an identified fault; inspect shape, bands and 1m/field data"
88,1,1,58.0,3277.0,-116.1588,40.6721,7566.4,"below 200-closed-px screen; NOT an identified fault; inspect shape, bands and 1m/field data"
89,4,4,60.5,1375.75,-118.4081,40.6643,100.0,"below 200-closed-px screen; NOT an identified fault; inspect shape, bands and 1m/field data"
90,4,4,60.5,1667.5,-118.063,40.668,100.0,"below 200-closed-px screen; NOT an identified fault; inspect shape, bands and 1m/field data"
91,1,1,59.0,2046.0,-117.6153,40.6726,1902.6,"below 200-closed-px screen; NOT an identified fault; inspect shape, bands and 1m/field data"
92,13,9,62.15,805.69,-119.0821,40.6527,200.0,"below 200-closed-px screen; NOT an identified fault; inspect shape, bands and 1m/field data"
93,1,1,60.0,2506.0,-117.071,40.6734,5481.8,"below 200-closed-px screen; NOT an identified fault; inspect shape, bands and 1m/field data"
94,36,35,63.28,2876.61,-116.6325,40.6698,316.2,"below 200-closed-px screen; NOT an identified fault; inspect shape, bands and 1m/field data"
95,1,1,61.0,2045.0,-117.6164,40.6708,1769.2,"below 200-closed-px screen; NOT an identified fault; inspect shape, bands and 1m/field data"
96,2,2,62.5,3067.0,-116.4072,40.6696,100.0,"below 200-closed-px screen; NOT an identified fault; inspect shape, bands and 1m/field data"
97,1,1,62.0,3200.0,-116.2499,40.6691,100.0,"below 200-closed-px screen; NOT an identified fault; inspect shape, bands and 1m/field data"
98,1,1,64.0,1665.0,-118.0659,40.6649,100.0,"below 200-closed-px screen; NOT an identified fault; inspect shape, bands and 1m/field data"
99,1,1,64.0,2043.0,-117.6188,40.6681,1414.2,"below 200-closed-px screen; NOT an identified fault; inspect shape, bands and 1m/field data"
100,6,6,66.5,1820.0,-117.8826,40.6641,253.2,"below 200-closed-px screen; NOT an identified fault; inspect shape, bands and 1m/field data"
101,6,4,66.33,2503.17,-117.0743,40.6676,5654.5,"below 200-closed-px screen; NOT an identified fault; inspect shape, bands and 1m/field data"
102,1,1,65.0,3123.0,-116.341,40.667,100.0,"below 200-closed-px screen; NOT an identified fault; inspect shape, bands and 1m/field data"
103,1,1,65.0,3194.0,-116.257,40.6665,141.4,"below 200-closed-px screen; NOT an identified fault; inspect shape, bands and 1m/field data"
104,1,1,67.0,3097.0,-116.3718,40.6654,141.4,"below 200-closed-px screen; NOT an identified fault; inspect shape, bands and 1m/field data"
105,1,1,67.0,3199.0,-116.2511,40.6646,200.0,"below 200-closed-px screen; NOT an identified fault; inspect shape, bands and 1m/field data"
106,8,8,69.62,3274.12,-116.1623,40.6617,6959.5,"below 200-closed-px screen; NOT an identified fault; inspect shape, bands and 1m/field data"
107,5,3,69.4,3065.6,-116.409,40.6634,100.0,"below 200-closed-px screen; NOT an identified fault; inspect shape, bands and 1m/field data"
108,85,72,77.53,681.67,-119.2282,40.6361,600.0,"below 200-closed-px screen; NOT an identified fault; inspect shape, bands and 1m/field data"
110,44,31,73.93,2853.39,-116.66,40.6603,100.0,"below 200-closed-px screen; NOT an identified fault; inspect shape, bands and 1m/field data"
111,1,1,71.0,1669.0,-118.0611,40.6586,640.3,"below 200-closed-px screen; NOT an identified fault; inspect shape, bands and 1m/field data"
112,1,1,71.0,2506.0,-117.071,40.6634,6171.7,"below 200-closed-px screen; NOT an identified fault; inspect shape, bands and 1m/field data"
113,13,9,72.38,1675.31,-118.0536,40.6574,1303.8,"below 200-closed-px screen; NOT an identified fault; inspect shape, bands and 1m/field data"
114,51,32,77.94,1813.27,-117.8904,40.6538,200.0,"below 200-closed-px screen; NOT an identified fault; inspect shape, bands and 1m/field data"
115,1,1,73.0,2031.0,-117.6329,40.6599,100.0,"below 200-closed-px screen; NOT an identified fault; inspect shape, bands and 1m/field data"
116,7,7,77.43,3271.29,-116.1657,40.6547,6356.1,"below 200-closed-px screen; NOT an identified fault; inspect shape, bands and 1m/field data"
117,2,2,76.5,1879.5,-117.8121,40.6557,5518.0,"below 200-closed-px screen; NOT an identified fault; inspect shape, bands and 1m/field data"
118,2,2,76.5,3065.0,-116.4097,40.657,100.0,"below 200-closed-px screen; NOT an identified fault; inspect shape, bands and 1m/field data"
120,1,1,78.0,1653.0,-118.0799,40.6521,100.0,"below 200-closed-px screen; NOT an identified fault; inspect shape, bands and 1m/field data"
121,1,1,79.0,786.0,-119.1049,40.6371,100.0,"below 200-closed-px screen; NOT an identified fault; inspect shape, bands and 1m/field data"
122,39,27,86.85,2110.21,-117.5391,40.6479,400.0,"below 200-closed-px screen; NOT an identified fault; inspect shape, bands and 1m/field data"
123,1,1,79.0,2840.0,-116.6759,40.6558,100.0,"below 200-closed-px screen; NOT an identified fault; inspect shape, bands and 1m/field data"
124,12,10,83.17,1650.5,-118.0828,40.6474,100.0,"below 200-closed-px screen; NOT an identified fault; inspect shape, bands and 1m/field data"
125,36,24,88.61,3040.47,-116.4388,40.6462,141.4,"below 200-closed-px screen; NOT an identified fault; inspect shape, bands and 1m/field data"
127,1,1,85.0,3263.0,-116.1756,40.6479,5314.1,"below 200-closed-px screen; NOT an identified fault; inspect shape, bands and 1m/field data"
128,9,7,89.33,1585.22,-118.1599,40.6411,100.0,"below 200-closed-px screen; NOT an identified fault; inspect shape, bands and 1m/field data"
129,1,1,89.0,679.0,-119.2311,40.6257,1000.0,"below 200-closed-px screen; NOT an identified fault; inspect shape, bands and 1m/field data"
130,3,2,89.33,3266.33,-116.1717,40.644,5517.8,"below 200-closed-px screen; NOT an identified fault; inspect shape, bands and 1m/field data"
131,4,2,92.5,2157.0,-117.4837,40.6431,292.1,"below 200-closed-px screen; NOT an identified fault; inspect shape, bands and 1m/field data"
132,1,1,91.0,2194.0,-117.44,40.6446,2915.5,"below 200-closed-px screen; NOT an identified fault; inspect shape, bands and 1m/field data"
133,152,95,101.54,1568.26,-118.1798,40.6299,100.0,"below 200-closed-px screen; NOT an identified fault; inspect shape, bands and 1m/field data"
134,73,42,97.25,1644.42,-118.0898,40.6347,223.6,"below 200-closed-px screen; NOT an identified fault; inspect shape, bands and 1m/field data"
136,2,2,97.5,1897.0,-117.7911,40.6369,7894.0,"below 200-closed-px screen; NOT an identified fault; inspect shape, bands and 1m/field data"
137,9,7,102.56,677.44,-119.2325,40.6135,141.4,"below 200-closed-px screen; NOT an identified fault; inspect shape, bands and 1m/field data"
138,32,18,108.78,953.69,-118.906,40.6137,100.0,"below 200-closed-px screen; NOT an identified fault; inspect shape, bands and 1m/field data"
140,40,28,110.2,2225.88,-117.4022,40.6275,1813.8,"below 200-closed-px screen; NOT an identified fault; inspect shape, bands and 1m/field data"
142,28,22,109.57,2115.54,-117.5326,40.6275,211.8,"below 200-closed-px screen; NOT an identified fault; inspect shape, bands and 1m/field data"
143,122,66,111.98,1282.93,-118.5168,40.6166,141.4,"below 200-closed-px screen; NOT an identified fault; inspect shape, bands and 1m/field data"
144,22,18,110.68,2181.64,-117.4545,40.6268,771.3,"below 200-closed-px screen; NOT an identified fault; inspect shape, bands and 1m/field data"
145,25,21,118.76,2149.08,-117.4929,40.6194,1746.4,"below 200-closed-px screen; NOT an identified fault; inspect shape, bands and 1m/field data"
147,172,109,133.52,1638.84,-118.0958,40.6019,223.6,"below 200-closed-px screen; NOT an identified fault; inspect shape, bands and 1m/field data"
148,38,28,120.68,2733.08,-116.8025,40.6185,200.0,"below 200-closed-px screen; NOT an identified fault; inspect shape, bands and 1m/field data"
149,1,1,117.0,445.0,-119.5065,40.5948,5325.4,"below 200-closed-px screen; NOT an identified fault; inspect shape, bands and 1m/field data"
150,5,5,120.0,949.0,-118.9112,40.6035,100.0,"below 200-closed-px screen; NOT an identified fault; inspect shape, bands and 1m/field data"
151,2,2,119.5,442.0,-119.51,40.5925,4937.0,"below 200-closed-px screen; NOT an identified fault; inspect shape, bands and 1m/field data"
152,43,33,124.44,2176.09,-117.4609,40.6144,223.6,"below 200-closed-px screen; NOT an identified fault; inspect shape, bands and 1m/field data"
153,1,1,123.0,3234.0,-116.2103,40.6139,2640.1,"below 200-closed-px screen; NOT an identified fault; inspect shape, bands and 1m/field data"
154,7,5,126.14,945.0,-118.9158,40.5979,100.0,"below 200-closed-px screen; NOT an identified fault; inspect shape, bands and 1m/field data"
155,1,1,124.0,2241.0,-117.3842,40.6151,922.0,"below 200-closed-px screen; NOT an identified fault; inspect shape, bands and 1m/field data"
156,3,3,126.67,2726.67,-116.8101,40.6132,360.6,"below 200-closed-px screen; NOT an identified fault; inspect shape, bands and 1m/field data"
157,28,22,131.21,1314.5,-118.4791,40.5998,100.0,"below 200-closed-px screen; NOT an identified fault; inspect shape, bands and 1m/field data"
158,1,1,129.0,2723.0,-116.8144,40.6111,100.0,"below 200-closed-px screen; NOT an identified fault; inspect shape, bands and 1m/field data"
159,3,3,131.0,942.0,-118.9192,40.5935,100.0,"below 200-closed-px screen; NOT an identified fault; inspect shape, bands and 1m/field data"
160,32,25,136.59,2017.59,-117.6482,40.6026,200.0,"below 200-closed-px screen; NOT an identified fault; inspect shape, bands and 1m/field data"
161,24,22,135.88,2165.71,-117.4731,40.6041,223.6,"below 200-closed-px screen; NOT an identified fault; inspect shape, bands and 1m/field data"
162,72,53,139.72,1745.62,-117.9696,40.5975,100.0,"below 200-closed-px screen; NOT an identified fault; inspect shape, bands and 1m/field data"
163,17,12,138.06,838.18,-119.0416,40.585,3015.6,"below 200-closed-px screen; NOT an identified fault; inspect shape, bands and 1m/field data"
164,24,14,143.5,937.46,-118.9242,40.5821,141.4,"below 200-closed-px screen; NOT an identified fault; inspect shape, bands and 1m/field data"
165,1,1,137.0,2245.0,-117.3794,40.6034,412.3,"below 200-closed-px screen; NOT an identified fault; inspect shape, bands and 1m/field data"
168,36,16,146.78,2247.69,-117.3762,40.5946,200.0,"below 200-closed-px screen; NOT an identified fault; inspect shape, bands and 1m/field data"
169,1,1,142.0,1127.0,-118.7004,40.587,223.6,"below 200-closed-px screen; NOT an identified fault; inspect shape, bands and 1m/field data"
170,1,1,142.0,1542.0,-118.2102,40.5932,1627.9,"below 200-closed-px screen; NOT an identified fault; inspect shape, bands and 1m/field data"
171,72,53,152.22,397.22,-119.5617,40.5619,141.4,"below 200-closed-px screen; NOT an identified fault; inspect shape, bands and 1m/field data"
173,1,1,144.0,1510.0,-118.2479,40.591,806.2,"below 200-closed-px screen; NOT an identified fault; inspect shape, bands and 1m/field data"
174,8,6,146.62,2024.12,-117.6404,40.5936,100.0,"below 200-closed-px screen; NOT an identified fault; inspect shape, bands and 1m/field data"
175,1,1,146.0,2162.0,-117.4775,40.5949,100.0,"below 200-closed-px screen; NOT an identified fault; inspect shape, bands and 1m/field data"
176,3,2,147.0,2514.0,-117.0615,40.595,100.0,"below 200-closed-px screen; NOT an identified fault; inspect shape, bands and 1m/field data"
178,1,1,149.0,2027.0,-117.637,40.5914,100.0,"below 200-closed-px screen; NOT an identified fault; inspect shape, bands and 1m/field data"
179,1,1,151.0,2992.0,-116.4966,40.5903,4114.6,"below 200-closed-px screen; NOT an identified fault; inspect shape, bands and 1m/field data"
180,1,1,152.0,884.0,-118.9871,40.5734,100.0,"below 200-closed-px screen; NOT an identified fault; inspect shape, bands and 1m/field data"
181,2,2,152.5,2988.5,-116.5007,40.589,4495.1,"below 200-closed-px screen; NOT an identified fault; inspect shape, bands and 1m/field data"
182,1,1,153.0,1318.0,-118.4746,40.5802,1565.2,"below 200-closed-px screen; NOT an identified fault; inspect shape, bands and 1m/field data"
183,1,1,155.0,933.0,-118.9292,40.5717,141.4,"below 200-closed-px screen; NOT an identified fault; inspect shape, bands and 1m/field data"
184,6,6,156.0,2984.5,-116.5055,40.5858,5009.3,"below 200-closed-px screen; NOT an identified fault; inspect shape, bands and 1m/field data"
185,1,1,156.0,904.0,-118.9634,40.5702,100.0,"below 200-closed-px screen; NOT an identified fault; inspect shape, bands and 1m/field data"
186,39,23,160.62,2246.51,-117.3775,40.5821,100.0,"below 200-closed-px screen; NOT an identified fault; inspect shape, bands and 1m/field data"
187,36,27,163.0,899.11,-118.969,40.5638,141.4,"below 200-closed-px screen; NOT an identified fault; inspect shape, bands and 1m/field data"
188,3,2,158.0,913.0,-118.9527,40.5686,942.0,"below 200-closed-px screen; NOT an identified fault; inspect shape, bands and 1m/field data"
189,1,1,159.0,932.0,-118.9303,40.5681,100.0,"below 200-closed-px screen; NOT an identified fault; inspect shape, bands and 1m/field data"
190,1,1,159.0,2979.0,-116.512,40.5832,5635.6,"below 200-closed-px screen; NOT an identified fault; inspect shape, bands and 1m/field data"
191,2,2,160.5,930.0,-118.9326,40.5667,170.7,"below 200-closed-px screen; NOT an identified fault; inspect shape, bands and 1m/field data"
192,1,1,161.0,1484.0,-118.2784,40.5753,100.0,"below 200-closed-px screen; NOT an identified fault; inspect shape, bands and 1m/field data"
193,93,68,178.94,920.06,-118.9439,40.5499,100.0,"below 200-closed-px screen; NOT an identified fault; inspect shape, bands and 1m/field data"
194,199,130,178.19,2365.64,-117.2367,40.5667,200.0,"below 200-closed-px screen; NOT an identified fault; inspect shape, bands and 1m/field data"
195,41,27,171.22,784.68,-119.1039,40.554,200.0,"below 200-closed-px screen; NOT an identified fault; inspect shape, bands and 1m/field data"
196,1,1,164.0,1646.0,-118.0869,40.5746,100.0,"below 200-closed-px screen; NOT an identified fault; inspect shape, bands and 1m/field data"
197,17,13,168.59,1929.24,-117.7523,40.5731,7025.7,"below 200-closed-px screen; NOT an identified fault; inspect shape, bands and 1m/field data"
198,93,46,173.27,2012.77,-117.6536,40.5695,100.0,"below 200-closed-px screen; NOT an identified fault; inspect shape, bands and 1m/field data"
199,1,1,167.0,2961.0,-116.5333,40.576,7602.6,"below 200-closed-px screen; NOT an identified fault; inspect shape, bands and 1m/field data"
201,62,53,176.05,1627.58,-118.1085,40.5635,300.0,"below 200-closed-px screen; NOT an identified fault; inspect shape, bands and 1m/field data"
202,40,21,174.62,890.85,-118.9785,40.5532,282.8,"below 200-closed-px screen; NOT an identified fault; inspect shape, bands and 1m/field data"
203,1,1,172.0,2239.0,-117.3863,40.5718,100.0,"below 200-closed-px screen; NOT an identified fault; inspect shape, bands and 1m/field data"
204,7,5,175.57,1920.57,-117.7625,40.5667,8023.1,"below 200-closed-px screen; NOT an identified fault; inspect shape, bands and 1m/field data"
206,1,1,174.0,2237.0,-117.3887,40.57,100.0,"below 200-closed-px screen; NOT an identified fault; inspect shape, bands and 1m/field data"
207,30,20,183.63,2502.6,-117.0749,40.562,211.8,"below 200-closed-px screen; NOT an identified fault; inspect shape, bands and 1m/field data"
208,2,2,178.5,2512.0,-117.0638,40.5666,300.0,"below 200-closed-px screen; NOT an identified fault; inspect shape, bands and 1m/field data"
209,8,7,180.75,1529.62,-118.2241,40.5581,1726.3,"below 200-closed-px screen; NOT an identified fault; inspect shape, bands and 1m/field data"
210,33,26,189.36,2231.33,-117.3953,40.5562,170.7,"below 200-closed-px screen; NOT an identified fault; inspect shape, bands and 1m/field data"
211,2,2,181.5,2431.0,-117.1595,40.5638,6600.0,"below 200-closed-px screen; NOT an identified fault; inspect shape, bands and 1m/field data"
212,2,2,182.5,884.5,-118.9857,40.546,654.1,"below 200-closed-px screen; NOT an identified fault; inspect shape, bands and 1m/field data"
214,4,2,185.5,1623.5,-118.1132,40.555,100.0,"below 200-closed-px screen; NOT an identified fault; inspect shape, bands and 1m/field data"
215,4,4,186.0,2071.25,-117.5844,40.5584,971.7,"below 200-closed-px screen; NOT an identified fault; inspect shape, bands and 1m/field data"
216,1,1,186.0,991.0,-118.86,40.5449,6053.9,"below 200-closed-px screen; NOT an identified fault; inspect shape, bands and 1m/field data"
217,1,1,188.0,1098.0,-118.7336,40.5451,1341.6,"below 200-closed-px screen; NOT an identified fault; inspect shape, bands and 1m/field data"
218,6,5,188.83,1620.0,-118.1173,40.5519,223.6,"below 200-closed-px screen; NOT an identified fault; inspect shape, bands and 1m/field data"
219,3,3,189.0,2050.0,-117.6095,40.5556,100.0,"below 200-closed-px screen; NOT an identified fault; inspect shape, bands and 1m/field data"
220,1,1,188.0,2780.0,-116.7472,40.5578,670.8,"below 200-closed-px screen; NOT an identified fault; inspect shape, bands and 1m/field data"
222,2,2,190.5,2736.0,-116.7992,40.5556,100.0,"below 200-closed-px screen; NOT an identified fault; inspect shape, bands and 1m/field data"
224,1,1,192.0,2146.0,-117.4961,40.5534,100.0,"below 200-closed-px screen; NOT an identified fault; inspect shape, bands and 1m/field data"
225,1,1,192.0,2501.0,-117.0768,40.5544,200.0,"below 200-closed-px screen; NOT an identified fault; inspect shape, bands and 1m/field data"
226,91,55,210.95,1740.11,-117.9752,40.5333,200.0,"below 200-closed-px screen; NOT an identified fault; inspect shape, bands and 1m/field data"
227,1,1,193.0,1968.0,-117.7063,40.5514,4201.2,"below 200-closed-px screen; NOT an identified fault; inspect shape, bands and 1m/field data"
229,2,2,195.5,2365.0,-117.2374,40.5511,250.0,"below 200-closed-px screen; NOT an identified fault; inspect shape, bands and 1m/field data"
230,26,15,199.5,2673.77,-116.8727,40.5476,100.0,"below 200-closed-px screen; NOT an identified fault; inspect shape, bands and 1m/field data"
231,1,1,197.0,2097.0,-117.5539,40.5486,640.3,"below 200-closed-px screen; NOT an identified fault; inspect shape, bands and 1m/field data"
232,91,52,205.51,2737.26,-116.7978,40.5421,338.4,"below 200-closed-px screen; NOT an identified fault; inspect shape, bands and 1m/field data"
233,2,2,199.5,2049.0,-117.6106,40.5461,100.0,"below 200-closed-px screen; NOT an identified fault; inspect shape, bands and 1m/field data"
234,1,1,201.0,597.0,-119.3244,40.523,3360.1,"below 200-closed-px screen; NOT an identified fault; inspect shape, bands and 1m/field data"
235,1,1,204.0,2052.0,-117.607,40.5421,200.0,"below 200-closed-px screen; NOT an identified fault; inspect shape, bands and 1m/field data"
236,2,2,205.5,656.0,-119.2547,40.5203,620.4,"below 200-closed-px screen; NOT an identified fault; inspect shape, bands and 1m/field data"
237,2,2,213.5,2781.0,-116.7461,40.5348,901.5,"below 200-closed-px screen; NOT an identified fault; inspect shape, bands and 1m/field data"
238,2,2,216.0,1495.5,-118.2638,40.5259,120.7,"below 200-closed-px screen; NOT an identified fault; inspect shape, bands and 1m/field data"
239,1,1,217.0,343.0,-119.6234,40.5021,200.0,"below 200-closed-px screen; NOT an identified fault; inspect shape, bands and 1m/field data"
240,1,1,218.0,2784.0,-116.7426,40.5308,721.1,"below 200-closed-px screen; NOT an identified fault; inspect shape, bands and 1m/field data"
241,19,19,224.21,353.47,-119.6108,40.4959,141.4,"below 200-closed-px screen; NOT an identified fault; inspect shape, bands and 1m/field data"
242,1,1,219.0,2010.0,-117.6564,40.5283,2647.6,"below 200-closed-px screen; NOT an identified fault; inspect shape, bands and 1m/field data"
243,1,1,219.0,2161.0,-117.4782,40.5291,707.1,"below 200-closed-px screen; NOT an identified fault; inspect shape, bands and 1m/field data"
244,1,1,220.0,1092.0,-118.7399,40.5161,100.0,"below 200-closed-px screen; NOT an identified fault; inspect shape, bands and 1m/field data"
245,1,1,220.0,3196.0,-116.2562,40.5268,4368.1,"below 200-closed-px screen; NOT an identified fault; inspect shape, bands and 1m/field data"
246,37,30,226.62,2027.3,-117.636,40.5215,2430.0,"below 200-closed-px screen; NOT an identified fault; inspect shape, bands and 1m/field data"
247,1,1,221.0,2162.0,-117.477,40.5274,922.0,"below 200-closed-px screen; NOT an identified fault; inspect shape, bands and 1m/field data"
248,136,115,240.13,656.32,-119.2533,40.4891,282.8,"below 200-closed-px screen; NOT an identified fault; inspect shape, bands and 1m/field data"
249,5,3,223.4,2803.8,-116.7192,40.5258,2600.0,"below 200-closed-px screen; NOT an identified fault; inspect shape, bands and 1m/field data"
250,83,58,235.04,2192.42,-117.441,40.5148,141.4,"below 200-closed-px screen; NOT an identified fault; inspect shape, bands and 1m/field data"
251,1,1,230.0,2127.0,-117.5182,40.5191,2370.7,"below 200-closed-px screen; NOT an identified fault; inspect shape, bands and 1m/field data"
252,1,1,231.0,607.0,-119.3117,40.4962,894.4,"below 200-closed-px screen; NOT an identified fault; inspect shape, bands and 1m/field data"
253,1,1,233.0,602.0,-119.3175,40.4943,1315.3,"below 200-closed-px screen; NOT an identified fault; inspect shape, bands and 1m/field data"
254,165,125,242.99,617.94,-119.2984,40.4857,200.0,"below 200-closed-px screen; NOT an identified fault; inspect shape, bands and 1m/field data"
255,62,23,241.84,2208.21,-117.4223,40.5088,141.4,"below 200-closed-px screen; NOT an identified fault; inspect shape, bands and 1m/field data"
256,44,34,239.95,353.45,-119.6103,40.4818,223.6,"below 200-closed-px screen; NOT an identified fault; inspect shape, bands and 1m/field data"
257,21,14,239.76,859.52,-119.0137,40.4939,211.8,"below 200-closed-px screen; NOT an identified fault; inspect shape, bands and 1m/field data"
259,1,1,236.0,3230.0,-116.2162,40.5122,3405.9,"below 200-closed-px screen; NOT an identified fault; inspect shape, bands and 1m/field data"
260,65,46,247.69,1746.57,-117.9671,40.5002,560.8,"below 200-closed-px screen; NOT an identified fault; inspect shape, bands and 1m/field data"
261,23,20,242.65,2026.39,-117.6369,40.5071,1950.5,"below 200-closed-px screen; NOT an identified fault; inspect shape, bands and 1m/field data"
263,3,3,245.33,2860.0,-116.653,40.5059,100.0,"below 200-closed-px screen; NOT an identified fault; inspect shape, bands and 1m/field data"
264,33,25,257.09,3225.27,-116.222,40.4932,1897.4,"below 200-closed-px screen; NOT an identified fault; inspect shape, bands and 1m/field data"
265,103,73,259.85,862.96,-119.0091,40.4759,200.0,"below 200-closed-px screen; NOT an identified fault; inspect shape, bands and 1m/field data"
266,1,1,247.0,2184.0,-117.4508,40.504,100.0,"below 200-closed-px screen; NOT an identified fault; inspect shape, bands and 1m/field data"
267,2,2,249.5,2844.5,-116.6713,40.5022,874.8,"below 200-closed-px screen; NOT an identified fault; inspect shape, bands and 1m/field data"
268,4,2,251.25,1638.25,-118.0948,40.4959,150.0,"below 200-closed-px screen; NOT an identified fault; inspect shape, bands and 1m/field data"
269,1,1,250.0,2027.0,-117.6361,40.5005,1700.0,"below 200-closed-px screen; NOT an identified fault; inspect shape, bands and 1m/field data"
270,9,7,252.11,2835.78,-116.6816,40.4999,1788.9,"below 200-closed-px screen; NOT an identified fault; inspect shape, bands and 1m/field data"
272,2,2,253.5,610.0,-119.3075,40.476,888.2,"below 200-closed-px screen; NOT an identified fault; inspect shape, bands and 1m/field data"
275,1,1,255.0,1635.0,-118.0986,40.4925,200.0,"below 200-closed-px screen; NOT an identified fault; inspect shape, bands and 1m/field data"
276,49,36,262.69,352.24,-119.611,40.4613,200.0,"below 200-closed-px screen; NOT an identified fault; inspect shape, bands and 1m/field data"
277,104,99,263.82,615.63,-119.3005,40.4669,707.1,"below 200-closed-px screen; NOT an identified fault; inspect shape, bands and 1m/field data"
278,29,23,260.9,2184.59,-117.4501,40.4915,316.2,"below 200-closed-px screen; NOT an identified fault; inspect shape, bands and 1m/field data"
279,1,1,260.0,953.0,-118.9029,40.4775,4123.1,"below 200-closed-px screen; NOT an identified fault; inspect shape, bands and 1m/field data"
280,2,2,262.5,605.5,-119.3125,40.4678,1204.2,"below 200-closed-px screen; NOT an identified fault; inspect shape, bands and 1m/field data"
281,1,1,262.0,845.0,-119.0302,40.4736,1414.2,"below 200-closed-px screen; NOT an identified fault; inspect shape, bands and 1m/field data"
283,9,6,264.44,680.11,-119.2245,40.4678,100.0,"below 200-closed-px screen; NOT an identified fault; inspect shape, bands and 1m/field data"
284,13,13,264.77,2867.77,-116.6439,40.4884,2158.7,"below 200-closed-px screen; NOT an identified fault; inspect shape, bands and 1m/field data"
285,1,1,265.0,3110.0,-116.3581,40.4869,200.0,"below 200-closed-px screen; NOT an identified fault; inspect shape, bands and 1m/field data"
286,1,1,266.0,1509.0,-118.2471,40.4811,894.4,"below 200-closed-px screen; NOT an identified fault; inspect shape, bands and 1m/field data"
287,67,61,274.36,2180.76,-117.4545,40.4794,200.0,"below 200-closed-px screen; NOT an identified fault; inspect shape, bands and 1m/field data"
288,1,1,266.0,2655.0,-116.895,40.4877,141.4,"below 200-closed-px screen; NOT an identified fault; inspect shape, bands and 1m/field data"
289,4,4,267.25,686.25,-119.2172,40.4654,100.0,"below 200-closed-px screen; NOT an identified fault; inspect shape, bands and 1m/field data"
290,1,1,267.0,1767.0,-117.9427,40.483,640.3,"below 200-closed-px screen; NOT an identified fault; inspect shape, bands and 1m/field data"
291,10,8,270.0,600.7,-119.3179,40.4609,1451.8,"below 200-closed-px screen; NOT an identified fault; inspect shape, bands and 1m/field data"
293,4,4,269.75,1622.25,-118.1134,40.4791,100.0,"below 200-closed-px screen; NOT an identified fault; inspect shape, bands and 1m/field data"
294,34,19,279.68,694.88,-119.2066,40.4544,200.0,"below 200-closed-px screen; NOT an identified fault; inspect shape, bands and 1m/field data"
295,1,1,273.0,911.0,-118.9521,40.465,200.0,"below 200-closed-px screen; NOT an identified fault; inspect shape, bands and 1m/field data"
296,2,2,274.5,596.0,-119.3233,40.4568,1800.0,"below 200-closed-px screen; NOT an identified fault; inspect shape, bands and 1m/field data"
297,2,2,274.5,904.0,-118.9603,40.4635,120.7,"below 200-closed-px screen; NOT an identified fault; inspect shape, bands and 1m/field data"
298,1,1,274.0,1502.0,-118.2552,40.4738,360.6,"below 200-closed-px screen; NOT an identified fault; inspect shape, bands and 1m/field data"
299,38,30,280.84,3201.45,-116.2504,40.472,100.0,"below 200-closed-px screen; NOT an identified fault; inspect shape, bands and 1m/field data"
300,6,6,278.5,1485.17,-118.275,40.4695,120.7,"below 200-closed-px screen; NOT an identified fault; inspect shape, bands and 1m/field data"
301,7,7,278.43,872.0,-118.9979,40.4593,360.6,"below 200-closed-px screen; NOT an identified fault; inspect shape, bands and 1m/field data"
302,9,8,280.22,1623.0,-118.1124,40.4696,100.0,"below 200-closed-px screen; NOT an identified fault; inspect shape, bands and 1m/field data"
303,1,1,278.0,903.0,-118.9614,40.4603,400.0,"below 200-closed-px screen; NOT an identified fault; inspect shape, bands and 1m/field data"
304,29,26,282.45,2650.34,-116.9005,40.4729,300.0,"below 200-closed-px screen; NOT an identified fault; inspect shape, bands and 1m/field data"
305,5,4,279.6,3041.4,-116.4392,40.4742,100.0,"below 200-closed-px screen; NOT an identified fault; inspect shape, bands and 1m/field data"
306,53,46,287.19,337.7,-119.6272,40.4388,200.0,"below 200-closed-px screen; NOT an identified fault; inspect shape, bands and 1m/field data"
307,2,2,279.0,1784.5,-117.9219,40.4724,850.3,"below 200-closed-px screen; NOT an identified fault; inspect shape, bands and 1m/field data"
308,1,1,281.0,1779.0,-117.9284,40.4706,282.8,"below 200-closed-px screen; NOT an identified fault; inspect shape, bands and 1m/field data"
309,1,1,281.0,2099.0,-117.5509,40.473,806.2,"below 200-closed-px screen; NOT an identified fault; inspect shape, bands and 1m/field data"
310,74,52,293.27,621.18,-119.2931,40.4405,223.6,"below 200-closed-px screen; NOT an identified fault; inspect shape, bands and 1m/field data"
311,3,2,287.0,1624.0,-118.1111,40.4635,200.0,"below 200-closed-px screen; NOT an identified fault; inspect shape, bands and 1m/field data"
312,2,2,287.5,2714.0,-116.8254,40.4683,2728.2,"below 200-closed-px screen; NOT an identified fault; inspect shape, bands and 1m/field data"
313,1,1,288.0,688.0,-119.2145,40.4468,141.4,"below 200-closed-px screen; NOT an identified fault; inspect shape, bands and 1m/field data"
314,1,1,290.0,914.0,-118.9481,40.4498,141.4,"below 200-closed-px screen; NOT an identified fault; inspect shape, bands and 1m/field data"
315,1,1,290.0,1062.0,-118.7737,40.4526,1403.6,"below 200-closed-px screen; NOT an identified fault; inspect shape, bands and 1m/field data"
317,5,5,292.2,910.8,-118.9518,40.4477,223.6,"below 200-closed-px screen; NOT an identified fault; inspect shape, bands and 1m/field data"
318,1,1,291.0,1060.0,-118.776,40.4516,1581.1,"below 200-closed-px screen; NOT an identified fault; inspect shape, bands and 1m/field data"
320,1,1,292.0,3196.0,-116.2569,40.462,100.0,"below 200-closed-px screen; NOT an identified fault; inspect shape, bands and 1m/field data"
321,1,1,293.0,1070.0,-118.7642,40.45,721.1,"below 200-closed-px screen; NOT an identified fault; inspect shape, bands and 1m/field data"
322,137,96,307.3,2225.13,-117.402,40.4499,100.0,"below 200-closed-px screen; NOT an identified fault; inspect shape, bands and 1m/field data"
324,1,1,294.0,1456.0,-118.3091,40.4552,2879.2,"below 200-closed-px screen; NOT an identified fault; inspect shape, bands and 1m/field data"
325,4,4,296.0,320.5,-119.6472,40.4304,1254.2,"below 200-closed-px screen; NOT an identified fault; inspect shape, bands and 1m/field data"
326,2,2,295.0,1067.5,-118.7671,40.4482,913.7,"below 200-closed-px screen; NOT an identified fault; inspect shape, bands and 1m/field data"
327,1,1,296.0,1065.0,-118.77,40.4472,894.4,"below 200-closed-px screen; NOT an identified fault; inspect shape, bands and 1m/field data"
328,18,10,298.61,1164.83,-118.6523,40.4466,100.0,"below 200-closed-px screen; NOT an identified fault; inspect shape, bands and 1m/field data"
329,2,2,296.0,2039.5,-117.621,40.4591,2652.1,"below 200-closed-px screen; NOT an identified fault; inspect shape, bands and 1m/field data"
330,1,1,296.0,3029.0,-116.4539,40.4595,640.3,"below 200-closed-px screen; NOT an identified fault; inspect shape, bands and 1m/field data"
331,2,2,296.5,3076.0,-116.3985,40.4588,696.0,"below 200-closed-px screen; NOT an identified fault; inspect shape, bands and 1m/field data"
332,32,20,302.69,533.03,-119.3966,40.4299,200.0,"below 200-closed-px screen; NOT an identified fault; inspect shape, bands and 1m/field data"
333,1,1,298.0,2038.0,-117.6227,40.4573,2900.0,"below 200-closed-px screen; NOT an identified fault; inspect shape, bands and 1m/field data"
335,9,7,304.89,579.33,-119.342,40.429,2884.4,"below 200-closed-px screen; NOT an identified fault; inspect shape, bands and 1m/field data"
336,1,1,303.0,625.0,-119.2883,40.4318,100.0,"below 200-closed-px screen; NOT an identified fault; inspect shape, bands and 1m/field data"
337,31,22,312.26,907.03,-118.9558,40.4296,640.3,"below 200-closed-px screen; NOT an identified fault; inspect shape, bands and 1m/field data"
338,3,3,307.0,1064.67,-118.7701,40.4373,100.0,"below 200-closed-px screen; NOT an identified fault; inspect shape, bands and 1m/field data"
339,64,39,318.64,1672.58,-118.0534,40.4356,100.0,"below 200-closed-px screen; NOT an identified fault; inspect shape, bands and 1m/field data"
340,4,4,307.0,3032.25,-116.4502,40.4496,100.0,"below 200-closed-px screen; NOT an identified fault; inspect shape, bands and 1m/field data"
341,1,1,307.0,1144.0,-118.6766,40.4387,141.4,"below 200-closed-px screen; NOT an identified fault; inspect shape, bands and 1m/field data"
342,108,79,321.16,684.43,-119.2177,40.4168,100.0,"below 200-closed-px screen; NOT an identified fault; inspect shape, bands and 1m/field data"
343,5,4,310.6,317.0,-119.6508,40.4172,1768.3,"below 200-closed-px screen; NOT an identified fault; inspect shape, bands and 1m/field data"
344,1,1,309.0,1153.0,-118.666,40.4371,781.0,"below 200-closed-px screen; NOT an identified fault; inspect shape, bands and 1m/field data"
345,1,1,309.0,3029.0,-116.454,40.4478,100.0,"below 200-closed-px screen; NOT an identified fault; inspect shape, bands and 1m/field data"
346,20,10,313.45,1059.35,-118.7762,40.4314,100.0,"below 200-closed-px screen; NOT an identified fault; inspect shape, bands and 1m/field data"
347,34,18,315.53,3021.82,-116.4625,40.4419,120.7,"below 200-closed-px screen; NOT an identified fault; inspect shape, bands and 1m/field data"
349,6,6,314.5,1448.33,-118.3178,40.4366,2945.1,"below 200-closed-px screen; NOT an identified fault; inspect shape, bands and 1m/field data"
350,1,1,315.0,2611.0,-116.9469,40.4436,1272.8,"below 200-closed-px screen; NOT an identified fault; inspect shape, bands and 1m/field data"
353,20,14,324.3,580.6,-119.3399,40.4116,2595.2,"below 200-closed-px screen; NOT an identified fault; inspect shape, bands and 1m/field data"
354,9,5,320.22,2717.44,-116.8214,40.4388,5366.6,"below 200-closed-px screen; NOT an identified fault; inspect shape, bands and 1m/field data"
355,25,13,321.48,3007.04,-116.48,40.4366,100.0,"below 200-closed-px screen; NOT an identified fault; inspect shape, bands and 1m/field data"
356,2,2,320.0,1050.5,-118.7865,40.4253,100.0,"below 200-closed-px screen; NOT an identified fault; inspect shape, bands and 1m/field data"
357,1,1,321.0,2401.0,-117.1945,40.4381,100.0,"below 200-closed-px screen; NOT an identified fault; inspect shape, bands and 1m/field data"
358,7,3,326.71,456.86,-119.4856,40.4064,7040.6,"below 200-closed-px screen; NOT an identified fault; inspect shape, bands and 1m/field data"
359,1,1,325.0,2368.0,-117.2334,40.4344,100.0,"below 200-closed-px screen; NOT an identified fault; inspect shape, bands and 1m/field data"
360,44,35,333.61,2991.7,-116.4982,40.4258,100.0,"below 200-closed-px screen; NOT an identified fault; inspect shape, bands and 1m/field data"
361,2,2,326.5,1608.0,-118.1294,40.4278,1620.2,"below 200-closed-px screen; NOT an identified fault; inspect shape, bands and 1m/field data"
362,10,10,328.5,2081.1,-117.5717,40.4301,100.0,"below 200-closed-px screen; NOT an identified fault; inspect shape, bands and 1m/field data"
363,1,1,328.0,2716.0,-116.8232,40.4318,5661.3,"below 200-closed-px screen; NOT an identified fault; inspect shape, bands and 1m/field data"
364,112,88,344.43,309.04,-119.659,40.3866,223.6,"below 200-closed-px screen; NOT an identified fault; inspect shape, bands and 1m/field data"
365,23,21,334.26,2362.7,-117.2397,40.426,141.4,"below 200-closed-px screen; NOT an identified fault; inspect shape, bands and 1m/field data"
366,1,1,332.0,1825.0,-117.8735,40.425,500.0,"below 200-closed-px screen; NOT an identified fault; inspect shape, bands and 1m/field data"
368,180,137,349.41,665.88,-119.2387,40.391,200.0,"below 200-closed-px screen; NOT an identified fault; inspect shape, bands and 1m/field data"
369,13,11,339.31,579.54,-119.3407,40.3981,2119.0,"below 200-closed-px screen; NOT an identified fault; inspect shape, bands and 1m/field data"
370,20,10,339.3,1632.2,-118.1007,40.4165,400.0,"below 200-closed-px screen; NOT an identified fault; inspect shape, bands and 1m/field data"
372,38,21,345.5,2783.42,-116.7437,40.4159,100.0,"below 200-closed-px screen; NOT an identified fault; inspect shape, bands and 1m/field data"
373,1,1,341.0,1615.0,-118.1209,40.4148,1044.0,"below 200-closed-px screen; NOT an identified fault; inspect shape, bands and 1m/field data"
374,7,5,344.57,571.86,-119.3496,40.3931,2692.6,"below 200-closed-px screen; NOT an identified fault; inspect shape, bands and 1m/field data"
375,17,15,344.94,2356.35,-117.2471,40.4164,824.6,"below 200-closed-px screen; NOT an identified fault; inspect shape, bands and 1m/field data"
376,4,2,344.75,1130.75,-118.6914,40.4045,657.7,"below 200-closed-px screen; NOT an identified fault; inspect shape, bands and 1m/field data"
378,29,16,350.83,999.48,-118.8459,40.3966,815.4,"below 200-closed-px screen; NOT an identified fault; inspect shape, bands and 1m/field data"
379,1,1,347.0,859.0,-119.0114,40.3973,316.2,"below 200-closed-px screen; NOT an identified fault; inspect shape, bands and 1m/field data"
380,1,1,347.0,1128.0,-118.6946,40.4024,905.5,"below 200-closed-px screen; NOT an identified fault; inspect shape, bands and 1m/field data"
381,4,4,349.5,2982.0,-116.5097,40.4115,100.0,"below 200-closed-px screen; NOT an identified fault; inspect shape, bands and 1m/field data"
382,1,1,353.0,2190.0,-117.4431,40.4086,1315.3,"below 200-closed-px screen; NOT an identified fault; inspect shape, bands and 1m/field data"
383,6,6,355.83,987.17,-118.8602,40.3919,783.9,"below 200-closed-px screen; NOT an identified fault; inspect shape, bands and 1m/field data"
384,6,4,356.5,937.5,-118.9187,40.3903,2197.4,"below 200-closed-px screen; NOT an identified fault; inspect shape, bands and 1m/field data"
385,108,71,364.46,1152.26,-118.6656,40.3871,100.0,"below 200-closed-px screen; NOT an identified fault; inspect shape, bands and 1m/field data"
386,1,1,358.0,2396.0,-117.2003,40.4047,3600.0,"below 200-closed-px screen; NOT an identified fault; inspect shape, bands and 1m/field data"
387,49,35,364.0,308.9,-119.6584,40.3689,640.3,"below 200-closed-px screen; NOT an identified fault; inspect shape, bands and 1m/field data"
388,1,1,360.0,2179.0,-117.4561,40.4022,1118.0,"below 200-closed-px screen; NOT an identified fault; inspect shape, bands and 1m/field data"
389,1,1,360.0,2395.0,-117.2015,40.4029,3800.0,"below 200-closed-px screen; NOT an identified fault; inspect shape, bands and 1m/field data"
390,1,1,361.0,934.0,-118.9227,40.3862,1702.9,"below 200-closed-px screen; NOT an identified fault; inspect shape, bands and 1m/field data"
391,39,23,365.74,928.56,-118.929,40.3818,1389.2,"below 200-closed-px screen; NOT an identified fault; inspect shape, bands and 1m/field data"
392,1,1,365.0,2592.0,-116.9694,40.3986,100.0,"below 200-closed-px screen; NOT an identified fault; inspect shape, bands and 1m/field data"
393,1,1,366.0,318.0,-119.6477,40.3674,848.5,"below 200-closed-px screen; NOT an identified fault; inspect shape, bands and 1m/field data"
394,6,3,368.5,1843.0,-117.8519,40.3923,806.2,"below 200-closed-px screen; NOT an identified fault; inspect shape, bands and 1m/field data"
396,1,1,368.0,2773.0,-116.7561,40.3956,100.0,"below 200-closed-px screen; NOT an identified fault; inspect shape, bands and 1m/field data"
397,1,1,370.0,2774.0,-116.7549,40.3938,100.0,"below 200-closed-px screen; NOT an identified fault; inspect shape, bands and 1m/field data"
398,3,3,371.67,3216.33,-116.2338,40.3901,1300.0,"below 200-closed-px screen; NOT an identified fault; inspect shape, bands and 1m/field data"
400,2,2,372.5,1095.5,-118.7323,40.3789,435.7,"below 200-closed-px screen; NOT an identified fault; inspect shape, bands and 1m/field data"
401,1,1,372.0,2786.0,-116.7408,40.392,1253.0,"below 200-closed-px screen; NOT an identified fault; inspect shape, bands and 1m/field data"
402,49,28,383.33,1977.84,-117.6929,40.38,8032.1,"below 200-closed-px screen; NOT an identified fault; inspect shape, bands and 1m/field data"
403,1,1,374.0,1101.0,-118.7258,40.3776,100.0,"below 200-closed-px screen; NOT an identified fault; inspect shape, bands and 1m/field data"
405,1,1,375.0,2372.0,-117.2286,40.3894,1486.6,"below 200-closed-px screen; NOT an identified fault; inspect shape, bands and 1m/field data"
407,17,16,379.06,863.53,-119.0052,40.3686,1662.8,"below 200-closed-px screen; NOT an identified fault; inspect shape, bands and 1m/field data"
408,18,14,379.33,1935.22,-117.7431,40.3833,7558.8,"below 200-closed-px screen; NOT an identified fault; inspect shape, bands and 1m/field data"
409,2,2,376.5,2787.0,-116.7396,40.388,1499.9,"below 200-closed-px screen; NOT an identified fault; inspect shape, bands and 1m/field data"
411,8,8,381.38,909.88,-118.9506,40.3674,1167.3,"below 200-closed-px screen; NOT an identified fault; inspect shape, bands and 1m/field data"
412,1,1,379.0,1442.0,-118.3241,40.3784,4205.9,"below 200-closed-px screen; NOT an identified fault; inspect shape, bands and 1m/field data"
413,24,21,380.04,3154.42,-116.3068,40.383,100.0,"below 200-closed-px screen; NOT an identified fault; inspect shape, bands and 1m/field data"
414,1,1,380.0,2357.0,-117.2462,40.3848,707.1,"below 200-closed-px screen; NOT an identified fault; inspect shape, bands and 1m/field data"
415,9,9,382.67,659.56,-119.2452,40.3609,1118.0,"below 200-closed-px screen; NOT an identified fault; inspect shape, bands and 1m/field data"
416,1,1,381.0,1441.0,-118.3252,40.3766,4429.4,"below 200-closed-px screen; NOT an identified fault; inspect shape, bands and 1m/field data"
417,1,1,381.0,2355.0,-117.2486,40.3839,806.2,"below 200-closed-px screen; NOT an identified fault; inspect shape, bands and 1m/field data"
418,48,27,385.71,1149.23,-118.6687,40.3679,141.4,"below 200-closed-px screen; NOT an identified fault; inspect shape, bands and 1m/field data"
420,13,8,386.0,3225.31,-116.2233,40.3771,223.6,"below 200-closed-px screen; NOT an identified fault; inspect shape, bands and 1m/field data"
421,6,4,387.5,2601.0,-116.9588,40.3783,1210.4,"below 200-closed-px screen; NOT an identified fault; inspect shape, bands and 1m/field data"
422,23,18,390.7,917.65,-118.9412,40.3592,500.0,"below 200-closed-px screen; NOT an identified fault; inspect shape, bands and 1m/field data"
423,1,1,387.0,1879.0,-117.8093,40.376,2506.0,"below 200-closed-px screen; NOT an identified fault; inspect shape, bands and 1m/field data"
424,1,1,389.0,1876.0,-117.8128,40.3741,2147.1,"below 200-closed-px screen; NOT an identified fault; inspect shape, bands and 1m/field data"
425,3,3,391.33,657.33,-119.2476,40.353,1140.2,"below 200-closed-px screen; NOT an identified fault; inspect shape, bands and 1m/field data"
426,1,1,391.0,900.0,-118.962,40.3585,632.5,"below 200-closed-px screen; NOT an identified fault; inspect shape, bands and 1m/field data"
427,1,1,392.0,898.0,-118.9643,40.3576,640.3,"below 200-closed-px screen; NOT an identified fault; inspect shape, bands and 1m/field data"
428,6,4,392.67,1616.83,-118.118,40.3683,100.0,"below 200-closed-px screen; NOT an identified fault; inspect shape, bands and 1m/field data"
429,2,2,392.0,1874.5,-117.8145,40.3714,1884.9,"below 200-closed-px screen; NOT an identified fault; inspect shape, bands and 1m/field data"
430,2,2,392.5,2370.0,-117.2309,40.3736,776.3,"below 200-closed-px screen; NOT an identified fault; inspect shape, bands and 1m/field data"
431,1,1,392.0,2572.0,-116.9929,40.3743,360.6,"below 200-closed-px screen; NOT an identified fault; inspect shape, bands and 1m/field data"
432,1,1,392.0,3218.0,-116.232,40.3717,500.0,"below 200-closed-px screen; NOT an identified fault; inspect shape, bands and 1m/field data"
433,4,4,394.5,1440.5,-118.3256,40.3644,4807.2,"below 200-closed-px screen; NOT an identified fault; inspect shape, bands and 1m/field data"
434,1,1,394.0,864.0,-119.0043,40.3551,728.0,"below 200-closed-px screen; NOT an identified fault; inspect shape, bands and 1m/field data"
435,1,1,394.0,1873.0,-117.8163,40.3696,1676.3,"below 200-closed-px screen; NOT an identified fault; inspect shape, bands and 1m/field data"
436,2,2,395.5,654.5,-119.2508,40.3492,952.8,"below 200-closed-px screen; NOT an identified fault; inspect shape, bands and 1m/field data"
437,1,1,396.0,919.0,-118.9395,40.3544,100.0,"below 200-closed-px screen; NOT an identified fault; inspect shape, bands and 1m/field data"
438,14,12,402.0,713.43,-119.1812,40.3447,717.6,"below 200-closed-px screen; NOT an identified fault; inspect shape, bands and 1m/field data"
439,54,49,406.11,798.2,-119.0814,40.3428,141.4,"below 200-closed-px screen; NOT an identified fault; inspect shape, bands and 1m/field data"
440,11,4,400.82,1974.55,-117.6966,40.3642,7882.4,"below 200-closed-px screen; NOT an identified fault; inspect shape, bands and 1m/field data"
441,3,3,398.33,2600.67,-116.9592,40.3686,1200.0,"below 200-closed-px screen; NOT an identified fault; inspect shape, bands and 1m/field data"
442,35,31,402.2,1148.6,-118.6691,40.353,141.4,"below 200-closed-px screen; NOT an identified fault; inspect shape, bands and 1m/field data"
443,10,7,401.4,1621.4,-118.1125,40.3605,100.0,"below 200-closed-px screen; NOT an identified fault; inspect shape, bands and 1m/field data"
444,1,1,401.0,2367.0,-117.2344,40.3659,100.0,"below 200-closed-px screen; NOT an identified fault; inspect shape, bands and 1m/field data"
446,71,57,408.99,1134.56,-118.6855,40.3467,141.4,"below 200-closed-px screen; NOT an identified fault; inspect shape, bands and 1m/field data"
447,1,1,403.0,1857.0,-117.835,40.3614,100.0,"below 200-closed-px screen; NOT an identified fault; inspect shape, bands and 1m/field data"
448,180,142,423.43,520.02,-119.4081,40.3209,200.0,"below 200-closed-px screen; NOT an identified fault; inspect shape, bands and 1m/field data"
449,6,6,406.17,651.17,-119.2544,40.3395,815.4,"below 200-closed-px screen; NOT an identified fault; inspect shape, bands and 1m/field data"
450,116,88,415.28,905.81,-118.9545,40.3368,141.4,"below 200-closed-px screen; NOT an identified fault; inspect shape, bands and 1m/field data"
451,1,1,405.0,1423.0,-118.346,40.3547,4810.4,"below 200-closed-px screen; NOT an identified fault; inspect shape, bands and 1m/field data"
452,5,3,407.0,1969.0,-117.7031,40.3586,8184.1,"below 200-closed-px screen; NOT an identified fault; inspect shape, bands and 1m/field data"
453,1,1,405.0,2392.0,-117.2049,40.3624,2400.0,"below 200-closed-px screen; NOT an identified fault; inspect shape, bands and 1m/field data"
454,38,30,411.84,1069.53,-118.7619,40.343,200.0,"below 200-closed-px screen; NOT an identified fault; inspect shape, bands and 1m/field data"
455,1,1,407.0,2388.0,-117.2096,40.3606,2002.5,"below 200-closed-px screen; NOT an identified fault; inspect shape, bands and 1m/field data"
456,1,1,408.0,1862.0,-117.8291,40.3569,100.0,"below 200-closed-px screen; NOT an identified fault; inspect shape, bands and 1m/field data"
458,25,21,412.36,1014.64,-118.8265,40.3415,200.0,"below 200-closed-px screen; NOT an identified fault; inspect shape, bands and 1m/field data"
459,1,1,409.0,2579.0,-116.9847,40.359,223.6,"below 200-closed-px screen; NOT an identified fault; inspect shape, bands and 1m/field data"
460,93,70,420.3,854.48,-119.0148,40.3312,141.4,"below 200-closed-px screen; NOT an identified fault; inspect shape, bands and 1m/field data"
461,1,1,410.0,2575.0,-116.9894,40.3581,509.9,"below 200-closed-px screen; NOT an identified fault; inspect shape, bands and 1m/field data"
462,7,4,412.86,1625.14,-118.1079,40.3502,100.0,"below 200-closed-px screen; NOT an identified fault; inspect shape, bands and 1m/field data"
464,1,1,413.0,1952.0,-117.723,40.3531,8209.8,"below 200-closed-px screen; NOT an identified fault; inspect shape, bands and 1m/field data"
465,4,4,415.5,1950.0,-117.7254,40.3508,8001.6,"below 200-closed-px screen; NOT an identified fault; inspect shape, bands and 1m/field data"
466,2,2,416.5,1127.5,-118.6936,40.3398,100.0,"below 200-closed-px screen; NOT an identified fault; inspect shape, bands and 1m/field data"
467,1,1,416.0,1866.0,-117.8243,40.3497,100.0,"below 200-closed-px screen; NOT an identified fault; inspect shape, bands and 1m/field data"
468,1,1,417.0,1973.0,-117.6983,40.3496,7357.3,"below 200-closed-px screen; NOT an identified fault; inspect shape, bands and 1m/field data"
470,6,6,421.17,649.5,-119.2559,40.326,1259.0,"below 200-closed-px screen; NOT an identified fault; inspect shape, bands and 1m/field data"
471,3,3,422.0,1012.0,-118.8294,40.3328,100.0,"below 200-closed-px screen; NOT an identified fault; inspect shape, bands and 1m/field data"
472,1,1,421.0,1865.0,-117.8254,40.3452,100.0,"below 200-closed-px screen; NOT an identified fault; inspect shape, bands and 1m/field data"
473,2,2,422.5,3012.5,-116.4743,40.3456,1682.2,"below 200-closed-px screen; NOT an identified fault; inspect shape, bands and 1m/field data"
474,1,1,423.0,2309.0,-117.3026,40.346,3613.9,"below 200-closed-px screen; NOT an identified fault; inspect shape, bands and 1m/field data"
475,1,1,423.0,2326.0,-117.2826,40.346,3157.5,"below 200-closed-px screen; NOT an identified fault; inspect shape, bands and 1m/field data"
476,59,46,431.59,2050.0,-117.6075,40.337,100.0,"below 200-closed-px screen; NOT an identified fault; inspect shape, bands and 1m/field data"
477,22,13,429.45,1054.95,-118.7787,40.3269,100.0,"below 200-closed-px screen; NOT an identified fault; inspect shape, bands and 1m/field data"
478,3,3,427.0,2176.67,-117.4584,40.3418,1500.0,"below 200-closed-px screen; NOT an identified fault; inspect shape, bands and 1m/field data"
479,1,1,427.0,2308.0,-117.3038,40.3423,4026.2,"below 200-closed-px screen; NOT an identified fault; inspect shape, bands and 1m/field data"
480,9,9,430.11,620.44,-119.2898,40.3173,1204.2,"below 200-closed-px screen; NOT an identified fault; inspect shape, bands and 1m/field data"
481,3,3,429.33,1858.33,-117.8332,40.3376,200.0,"below 200-closed-px screen; NOT an identified fault; inspect shape, bands and 1m/field data"
482,20,19,435.0,785.45,-119.0956,40.3166,282.8,"below 200-closed-px screen; NOT an identified fault; inspect shape, bands and 1m/field data"
483,1,1,430.0,1949.0,-117.7264,40.3378,7854.9,"below 200-closed-px screen; NOT an identified fault; inspect shape, bands and 1m/field data"
484,1,1,430.0,2565.0,-117.0012,40.34,1118.0,"below 200-closed-px screen; NOT an identified fault; inspect shape, bands and 1m/field data"
485,1,1,430.0,3263.0,-116.1794,40.3371,300.0,"below 200-closed-px screen; NOT an identified fault; inspect shape, bands and 1m/field data"
486,1,1,431.0,995.0,-118.8492,40.3244,223.6,"below 200-closed-px screen; NOT an identified fault; inspect shape, bands and 1m/field data"
487,1,1,431.0,1004.0,-118.8386,40.3245,583.1,"below 200-closed-px screen; NOT an identified fault; inspect shape, bands and 1m/field data"
488,9,7,433.89,3206.67,-116.2458,40.3341,3257.3,"below 200-closed-px screen; NOT an identified fault; inspect shape, bands and 1m/field data"
489,38,16,439.34,1952.63,-117.722,40.3294,7005.3,"below 200-closed-px screen; NOT an identified fault; inspect shape, bands and 1m/field data"
490,2,2,434.5,998.0,-118.8456,40.3213,100.0,"below 200-closed-px screen; NOT an identified fault; inspect shape, bands and 1m/field data"
491,38,20,440.03,1059.32,-118.7733,40.3174,170.7,"below 200-closed-px screen; NOT an identified fault; inspect shape, bands and 1m/field data"
492,4,3,434.25,2562.25,-117.0044,40.3362,1140.2,"below 200-closed-px screen; NOT an identified fault; inspect shape, bands and 1m/field data"
493,9,6,436.33,884.67,-118.9788,40.3174,182.5,"below 200-closed-px screen; NOT an identified fault; inspect shape, bands and 1m/field data"
494,1,1,435.0,1074.0,-118.7561,40.3222,1000.0,"below 200-closed-px screen; NOT an identified fault; inspect shape, bands and 1m/field data"
495,1,1,436.0,3260.0,-116.183,40.3318,223.6,"below 200-closed-px screen; NOT an identified fault; inspect shape, bands and 1m/field data"
496,37,34,441.84,877.14,-118.9875,40.3123,282.8,"below 200-closed-px screen; NOT an identified fault; inspect shape, bands and 1m/field data"
497,1,1,438.0,265.0,-119.7074,40.3011,5510.9,"below 200-closed-px screen; NOT an identified fault; inspect shape, bands and 1m/field data"
498,12,8,441.42,187.25,-119.7987,40.2959,100.0,"below 200-closed-px screen; NOT an identified fault; inspect shape, bands and 1m/field data"
499,103,59,446.62,359.42,-119.5961,40.2959,141.4,"below 200-closed-px screen; NOT an identified fault; inspect shape, bands and 1m/field data"
500,2,2,440.5,1007.0,-118.8348,40.316,100.0,"below 200-closed-px screen; NOT an identified fault; inspect shape, bands and 1m/field data"
501,1,1,441.0,505.0,-119.4252,40.3047,500.0,"below 200-closed-px screen; NOT an identified fault; inspect shape, bands and 1m/field data"
502,13,7,442.77,171.92,-119.8166,40.2942,100.0,"below 200-closed-px screen; NOT an identified fault; inspect shape, bands and 1m/field data"
503,1,1,442.0,195.0,-119.7895,40.2956,583.1,"below 200-closed-px screen; NOT an identified fault; inspect shape, bands and 1m/field data"
504,8,7,444.75,1083.62,-118.7446,40.3136,141.4,"below 200-closed-px screen; NOT an identified fault; inspect shape, bands and 1m/field data"
505,83,54,456.61,1472.48,-118.2869,40.3089,100.0,"below 200-closed-px screen; NOT an identified fault; inspect shape, bands and 1m/field data"
506,2,2,442.5,2305.5,-117.3067,40.3284,5591.6,"below 200-closed-px screen; NOT an identified fault; inspect shape, bands and 1m/field data"
507,1,1,442.0,3260.0,-116.1831,40.3263,100.0,"below 200-closed-px screen; NOT an identified fault; inspect shape, bands and 1m/field data"
508,11,7,445.45,372.64,-119.5806,40.2973,223.6,"below 200-closed-px screen; NOT an identified fault; inspect shape, bands and 1m/field data"
509,151,107,459.11,2157.36,-117.4809,40.3128,200.0,"below 200-closed-px screen; NOT an identified fault; inspect shape, bands and 1m/field data"
512,19,13,450.47,1653.79,-118.0736,40.3166,4111.0,"below 200-closed-px screen; NOT an identified fault; inspect shape, bands and 1m/field data"
513,1,1,446.0,2529.0,-117.0436,40.3256,300.0,"below 200-closed-px screen; NOT an identified fault; inspect shape, bands and 1m/field data"
514,73,51,456.29,473.29,-119.462,40.2902,141.4,"below 200-closed-px screen; NOT an identified fault; inspect shape, bands and 1m/field data"
515,5,4,449.6,632.2,-119.2754,40.3,473.6,"below 200-closed-px screen; NOT an identified fault; inspect shape, bands and 1m/field data"
516,1,1,449.0,1969.0,-117.7027,40.3208,5239.3,"below 200-closed-px screen; NOT an identified fault; inspect shape, bands and 1m/field data"
517,28,20,454.61,2523.57,-117.0499,40.3179,814.8,"below 200-closed-px screen; NOT an identified fault; inspect shape, bands and 1m/field data"
518,149,110,468.5,2188.17,-117.4446,40.3045,141.4,"below 200-closed-px screen; NOT an identified fault; inspect shape, bands and 1m/field data"
519,18,12,452.56,377.06,-119.5752,40.2911,170.7,"below 200-closed-px screen; NOT an identified fault; inspect shape, bands and 1m/field data"
520,2,2,453.5,505.0,-119.4248,40.2935,100.0,"below 200-closed-px screen; NOT an identified fault; inspect shape, bands and 1m/field data"
522,1,1,454.0,182.0,-119.8044,40.2844,608.3,"below 200-closed-px screen; NOT an identified fault; inspect shape, bands and 1m/field data"
523,1,1,454.0,869.0,-118.9968,40.3012,100.0,"below 200-closed-px screen; NOT an identified fault; inspect shape, bands and 1m/field data"
524,36,27,460.69,2300.56,-117.3124,40.312,7158.9,"below 200-closed-px screen; NOT an identified fault; inspect shape, bands and 1m/field data"
525,10,9,458.0,186.3,-119.7992,40.2809,922.0,"below 200-closed-px screen; NOT an identified fault; inspect shape, bands and 1m/field data"
526,16,12,457.75,1842.94,-117.851,40.3119,141.4,"below 200-closed-px screen; NOT an identified fault; inspect shape, bands and 1m/field data"
527,6,6,458.0,2559.5,-117.0077,40.3148,223.6,"below 200-closed-px screen; NOT an identified fault; inspect shape, bands and 1m/field data"
528,1,1,457.0,503.0,-119.427,40.2903,300.0,"below 200-closed-px screen; NOT an identified fault; inspect shape, bands and 1m/field data"
529,1,1,457.0,511.0,-119.4176,40.2905,500.0,"below 200-closed-px screen; NOT an identified fault; inspect shape, bands and 1m/field data"
530,134,76,469.34,2506.25,-117.0703,40.3046,141.4,"below 200-closed-px screen; NOT an identified fault; inspect shape, bands and 1m/field data"
531,2,2,459.5,364.0,-119.5903,40.2845,120.7,"below 200-closed-px screen; NOT an identified fault; inspect shape, bands and 1m/field data"
533,3,3,460.0,631.67,-119.2757,40.2906,854.4,"below 200-closed-px screen; NOT an identified fault; inspect shape, bands and 1m/field data"
534,1,1,462.0,365.0,-119.589,40.2822,100.0,"below 200-closed-px screen; NOT an identified fault; inspect shape, bands and 1m/field data"
535,22,17,468.59,190.05,-119.7944,40.2715,282.8,"below 200-closed-px screen; NOT an identified fault; inspect shape, bands and 1m/field data"
536,1,1,464.0,493.0,-119.4385,40.2837,1204.2,"below 200-closed-px screen; NOT an identified fault; inspect shape, bands and 1m/field data"
537,27,22,469.63,1062.48,-118.7689,40.2908,200.0,"below 200-closed-px screen; NOT an identified fault; inspect shape, bands and 1m/field data"
538,2,2,466.0,2520.5,-117.0535,40.3076,961.0,"below 200-closed-px screen; NOT an identified fault; inspect shape, bands and 1m/field data"
539,18,7,469.06,489.33,-119.4427,40.2791,1334.2,"below 200-closed-px screen; NOT an identified fault; inspect shape, bands and 1m/field data"
540,2,2,467.5,634.0,-119.2727,40.2839,1450.4,"below 200-closed-px screen; NOT an identified fault; inspect shape, bands and 1m/field data"
541,2,2,467.0,1967.5,-117.7043,40.3046,3750.2,"below 200-closed-px screen; NOT an identified fault; inspect shape, bands and 1m/field data"
542,32,22,473.34,1452.0,-118.3107,40.2936,223.6,"below 200-closed-px screen; NOT an identified fault; inspect shape, bands and 1m/field data"
543,3,2,474.0,1461.0,-118.3001,40.2931,645.1,"below 200-closed-px screen; NOT an identified fault; inspect shape, bands and 1m/field data"
544,1,1,473.0,1657.0,-118.0695,40.2964,6226.6,"below 200-closed-px screen; NOT an identified fault; inspect shape, bands and 1m/field data"
545,38,27,480.29,2179.89,-117.4543,40.2938,412.3,"below 200-closed-px screen; NOT an identified fault; inspect shape, bands and 1m/field data"
546,2,2,474.5,1033.0,-118.8034,40.2859,100.0,"below 200-closed-px screen; NOT an identified fault; inspect shape, bands and 1m/field data"
547,6,6,477.0,632.5,-119.2742,40.2753,2173.6,"below 200-closed-px screen; NOT an identified fault; inspect shape, bands and 1m/field data"
548,3,3,477.0,486.67,-119.4456,40.2718,1166.2,"below 200-closed-px screen; NOT an identified fault; inspect shape, bands and 1m/field data"
549,1,1,476.0,1059.0,-118.7728,40.285,100.0,"below 200-closed-px screen; NOT an identified fault; inspect shape, bands and 1m/field data"
550,26,26,479.35,1440.69,-118.3239,40.288,223.6,"below 200-closed-px screen; NOT an identified fault; inspect shape, bands and 1m/field data"
551,23,11,478.22,2529.35,-117.0431,40.2966,1500.0,"below 200-closed-px screen; NOT an identified fault; inspect shape, bands and 1m/field data"
552,15,11,479.6,2815.4,-116.7066,40.295,7660.9,"below 200-closed-px screen; NOT an identified fault; inspect shape, bands and 1m/field data"
553,9,8,477.56,1823.0,-117.8742,40.2939,424.3,"below 200-closed-px screen; NOT an identified fault; inspect shape, bands and 1m/field data"
554,3,2,479.0,1032.0,-118.8045,40.2818,170.7,"below 200-closed-px screen; NOT an identified fault; inspect shape, bands and 1m/field data"
555,1,1,479.0,542.0,-119.3805,40.2714,3807.9,"below 200-closed-px screen; NOT an identified fault; inspect shape, bands and 1m/field data"
556,2,2,480.0,1409.5,-118.3605,40.287,1914.2,"below 200-closed-px screen; NOT an identified fault; inspect shape, bands and 1m/field data"
557,3,3,481.33,2524.33,-117.049,40.2938,1964.7,"below 200-closed-px screen; NOT an identified fault; inspect shape, bands and 1m/field data"
558,4,4,485.0,250.75,-119.7225,40.2585,781.0,"below 200-closed-px screen; NOT an identified fault; inspect shape, bands and 1m/field data"
559,7,6,485.57,485.29,-119.4469,40.2641,935.3,"below 200-closed-px screen; NOT an identified fault; inspect shape, bands and 1m/field data"
560,57,35,489.93,1425.95,-118.341,40.2783,223.6,"below 200-closed-px screen; NOT an identified fault; inspect shape, bands and 1m/field data"
561,7,3,485.86,2236.86,-117.3872,40.2891,4438.5,"below 200-closed-px screen; NOT an identified fault; inspect shape, bands and 1m/field data"
562,22,14,491.73,2230.59,-117.3946,40.2838,3727.6,"below 200-closed-px screen; NOT an identified fault; inspect shape, bands and 1m/field data"
563,5,4,492.0,540.2,-119.3822,40.2597,4071.2,"below 200-closed-px screen; NOT an identified fault; inspect shape, bands and 1m/field data"
565,9,6,494.67,660.44,-119.2408,40.2601,120.7,"below 200-closed-px screen; NOT an identified fault; inspect shape, bands and 1m/field data"
566,1,1,492.0,1463.0,-118.2974,40.2769,2202.3,"below 200-closed-px screen; NOT an identified fault; inspect shape, bands and 1m/field data"
567,2,2,492.5,1654.5,-118.0722,40.2788,6587.0,"below 200-closed-px screen; NOT an identified fault; inspect shape, bands and 1m/field data"
568,3,3,496.67,1505.67,-118.2472,40.2733,200.0,"below 200-closed-px screen; NOT an identified fault; inspect shape, bands and 1m/field data"
569,150,117,511.75,1412.61,-118.3563,40.2584,200.0,"below 200-closed-px screen; NOT an identified fault; inspect shape, bands and 1m/field data"
570,5,5,499.2,1517.4,-118.2333,40.2711,316.2,"below 200-closed-px screen; NOT an identified fault; inspect shape, bands and 1m/field data"
571,18,10,503.44,1827.78,-117.8683,40.2706,150.0,"below 200-closed-px screen; NOT an identified fault; inspect shape, bands and 1m/field data"
572,3,3,500.0,279.33,-119.6884,40.2457,100.0,"below 200-closed-px screen; NOT an identified fault; inspect shape, bands and 1m/field data"
573,3,3,500.0,1646.67,-118.0813,40.2719,5671.9,"below 200-closed-px screen; NOT an identified fault; inspect shape, bands and 1m/field data"
574,31,26,508.13,612.94,-119.2962,40.2469,900.0,"below 200-closed-px screen; NOT an identified fault; inspect shape, bands and 1m/field data"
575,2,2,500.5,1970.0,-117.701,40.2744,1724.6,"below 200-closed-px screen; NOT an identified fault; inspect shape, bands and 1m/field data"
576,1,1,501.0,240.0,-119.7345,40.2438,100.0,"below 200-closed-px screen; NOT an identified fault; inspect shape, bands and 1m/field data"
577,1,1,501.0,789.0,-119.0896,40.2572,100.0,"below 200-closed-px screen; NOT an identified fault; inspect shape, bands and 1m/field data"
578,2,2,502.5,658.0,-119.2435,40.253,120.7,"below 200-closed-px screen; NOT an identified fault; inspect shape, bands and 1m/field data"
579,111,70,512.3,694.39,-119.2004,40.245,200.0,"below 200-closed-px screen; NOT an identified fault; inspect shape, bands and 1m/field data"
580,1,1,503.0,1525.0,-118.2243,40.2678,100.0,"below 200-closed-px screen; NOT an identified fault; inspect shape, bands and 1m/field data"
581,1,1,503.0,1648.0,-118.0797,40.2692,5742.8,"below 200-closed-px screen; NOT an identified fault; inspect shape, bands and 1m/field data"
582,1,1,504.0,1834.0,-117.8609,40.2702,608.3,"below 200-closed-px screen; NOT an identified fault; inspect shape, bands and 1m/field data"
583,3,2,506.0,657.0,-119.2445,40.2498,182.5,"below 200-closed-px screen; NOT an identified fault; inspect shape, bands and 1m/field data"
584,2,2,507.5,483.5,-119.4483,40.2443,1108.6,"below 200-closed-px screen; NOT an identified fault; inspect shape, bands and 1m/field data"
585,117,85,520.57,622.26,-119.2849,40.2359,223.6,"below 200-closed-px screen; NOT an identified fault; inspect shape, bands and 1m/field data"
586,5,4,509.0,2228.8,-117.3966,40.2682,3553.5,"below 200-closed-px screen; NOT an identified fault; inspect shape, bands and 1m/field data"
587,1,1,509.0,2520.0,-117.0541,40.2689,600.0,"below 200-closed-px screen; NOT an identified fault; inspect shape, bands and 1m/field data"
588,24,16,512.71,297.88,-119.6661,40.2348,429.8,"below 200-closed-px screen; NOT an identified fault; inspect shape, bands and 1m/field data"
589,1,1,510.0,540.0,-119.3819,40.2435,4428.3,"below 200-closed-px screen; NOT an identified fault; inspect shape, bands and 1m/field data"
590,1,1,510.0,793.0,-119.0846,40.2492,100.0,"below 200-closed-px screen; NOT an identified fault; inspect shape, bands and 1m/field data"
591,4,4,511.5,1999.75,-117.6659,40.2647,392.4,"below 200-closed-px screen; NOT an identified fault; inspect shape, bands and 1m/field data"
592,1,1,511.0,2533.0,-117.0388,40.2671,223.6,"below 200-closed-px screen; NOT an identified fault; inspect shape, bands and 1m/field data"
593,22,19,517.0,414.95,-119.5285,40.234,412.3,"below 200-closed-px screen; NOT an identified fault; inspect shape, bands and 1m/field data"
594,8,6,516.0,2638.75,-116.9144,40.2625,4719.1,"below 200-closed-px screen; NOT an identified fault; inspect shape, bands and 1m/field data"
595,1,1,514.0,237.0,-119.7376,40.232,583.1,"below 200-closed-px screen; NOT an identified fault; inspect shape, bands and 1m/field data"
596,165,103,527.82,643.8,-119.2594,40.2299,282.8,"below 200-closed-px screen; NOT an identified fault; inspect shape, bands and 1m/field data"
597,78,48,523.77,2192.73,-117.4389,40.2547,100.0,"below 200-closed-px screen; NOT an identified fault; inspect shape, bands and 1m/field data"
598,1,1,515.0,1591.0,-118.1465,40.2578,100.0,"below 200-closed-px screen; NOT an identified fault; inspect shape, bands and 1m/field data"
600,1,1,517.0,525.0,-119.3992,40.2368,2900.0,"below 200-closed-px screen; NOT an identified fault; inspect shape, bands and 1m/field data"
601,1,1,517.0,2228.0,-117.3975,40.261,3500.0,"below 200-closed-px screen; NOT an identified fault; inspect shape, bands and 1m/field data"
602,1,1,517.0,2286.0,-117.3293,40.2612,5515.4,"below 200-closed-px screen; NOT an identified fault; inspect shape, bands and 1m/field data"
603,1,1,519.0,300.0,-119.6634,40.2292,100.0,"below 200-closed-px screen; NOT an identified fault; inspect shape, bands and 1m/field data"
604,1,1,519.0,523.0,-119.4015,40.2349,2700.0,"below 200-closed-px screen; NOT an identified fault; inspect shape, bands and 1m/field data"
605,1,1,520.0,237.0,-119.7373,40.2266,922.0,"below 200-closed-px screen; NOT an identified fault; inspect shape, bands and 1m/field data"
607,1,1,520.0,2226.0,-117.3998,40.2583,3300.0,"below 200-closed-px screen; NOT an identified fault; inspect shape, bands and 1m/field data"
608,1,1,522.0,2529.0,-117.0435,40.2572,728.0,"below 200-closed-px screen; NOT an identified fault; inspect shape, bands and 1m/field data"
609,6,4,524.17,1978.33,-117.691,40.2531,100.0,"below 200-closed-px screen; NOT an identified fault; inspect shape, bands and 1m/field data"
610,1,1,524.0,315.0,-119.6456,40.2251,1170.5,"below 200-closed-px screen; NOT an identified fault; inspect shape, bands and 1m/field data"
611,6,5,525.5,2589.33,-116.9726,40.254,5457.1,"below 200-closed-px screen; NOT an identified fault; inspect shape, bands and 1m/field data"
612,2,2,526.5,687.0,-119.2087,40.232,253.2,"below 200-closed-px screen; NOT an identified fault; inspect shape, bands and 1m/field data"
613,9,8,529.0,1424.33,-118.3422,40.2431,1324.7,"below 200-closed-px screen; NOT an identified fault; inspect shape, bands and 1m/field data"
614,9,8,527.78,2555.56,-117.0123,40.252,2524.8,"below 200-closed-px screen; NOT an identified fault; inspect shape, bands and 1m/field data"
615,102,80,546.82,426.08,-119.5144,40.2075,100.0,"below 200-closed-px screen; NOT an identified fault; inspect shape, bands and 1m/field data"
616,41,35,538.93,2483.02,-117.0976,40.2419,200.0,"below 200-closed-px screen; NOT an identified fault; inspect shape, bands and 1m/field data"
617,3,3,529.0,222.0,-119.7546,40.2181,2640.1,"below 200-closed-px screen; NOT an identified fault; inspect shape, bands and 1m/field data"
619,3,3,529.0,1019.0,-118.8186,40.2366,707.1,"below 200-closed-px screen; NOT an identified fault; inspect shape, bands and 1m/field data"
620,3,3,529.33,1980.67,-117.6882,40.2485,100.0,"below 200-closed-px screen; NOT an identified fault; inspect shape, bands and 1m/field data"
621,11,11,532.55,2495.45,-117.0829,40.2476,100.0,"below 200-closed-px screen; NOT an identified fault; inspect shape, bands and 1m/field data"
622,50,34,537.9,529.76,-119.393,40.2181,3318.9,"below 200-closed-px screen; NOT an identified fault; inspect shape, bands and 1m/field data"
623,3,3,530.67,2373.33,-117.2265,40.2491,2506.0,"below 200-closed-px screen; NOT an identified fault; inspect shape, bands and 1m/field data"
624,1,1,532.0,2077.0,-117.5749,40.2467,3324.2,"below 200-closed-px screen; NOT an identified fault; inspect shape, bands and 1m/field data"
625,1,1,532.0,2370.0,-117.2305,40.2479,2247.2,"below 200-closed-px screen; NOT an identified fault; inspect shape, bands and 1m/field data"
626,27,20,541.33,2518.78,-117.0555,40.2397,120.7,"below 200-closed-px screen; NOT an identified fault; inspect shape, bands and 1m/field data"
627,2,2,534.0,1983.5,-117.6849,40.2443,182.5,"below 200-closed-px screen; NOT an identified fault; inspect shape, bands and 1m/field data"
628,1,1,534.0,2532.0,-117.04,40.2463,1170.5,"below 200-closed-px screen; NOT an identified fault; inspect shape, bands and 1m/field data"
629,17,16,539.06,1408.65,-118.3605,40.2338,100.0,"below 200-closed-px screen; NOT an identified fault; inspect shape, bands and 1m/field data"
630,2,2,535.5,2604.0,-116.9553,40.245,5882.6,"below 200-closed-px screen; NOT an identified fault; inspect shape, bands and 1m/field data"
631,4,3,536.25,1987.25,-117.6804,40.2423,670.8,"below 200-closed-px screen; NOT an identified fault; inspect shape, bands and 1m/field data"
632,6,4,538.5,2588.83,-116.9732,40.2423,5927.1,"below 200-closed-px screen; NOT an identified fault; inspect shape, bands and 1m/field data"
633,2,2,537.5,1940.0,-117.736,40.2409,1553.2,"below 200-closed-px screen; NOT an identified fault; inspect shape, bands and 1m/field data"
634,3,3,539.0,740.0,-119.1461,40.2219,100.0,"below 200-closed-px screen; NOT an identified fault; inspect shape, bands and 1m/field data"
635,42,23,543.74,1992.9,-117.6737,40.2356,600.0,"below 200-closed-px screen; NOT an identified fault; inspect shape, bands and 1m/field data"
636,3,2,540.0,2506.0,-117.0705,40.2409,1108.6,"below 200-closed-px screen; NOT an identified fault; inspect shape, bands and 1m/field data"
637,110,88,553.39,2530.69,-117.0415,40.2289,1614.0,"below 200-closed-px screen; NOT an identified fault; inspect shape, bands and 1m/field data"
638,25,11,543.76,2784.08,-116.7436,40.2373,6397.7,"below 200-closed-px screen; NOT an identified fault; inspect shape, bands and 1m/field data"
639,43,22,550.51,2556.6,-117.011,40.2315,4021.2,"below 200-closed-px screen; NOT an identified fault; inspect shape, bands and 1m/field data"
640,15,15,543.13,2424.8,-117.166,40.238,3534.1,"below 200-closed-px screen; NOT an identified fault; inspect shape, bands and 1m/field data"
641,12,11,544.75,1647.83,-118.0793,40.2316,6087.7,"below 200-closed-px screen; NOT an identified fault; inspect shape, bands and 1m/field data"
642,12,11,546.5,2498.83,-117.079,40.2351,1236.9,"below 200-closed-px screen; NOT an identified fault; inspect shape, bands and 1m/field data"
643,94,64,549.59,1090.98,-118.7335,40.2193,223.6,"below 200-closed-px screen; NOT an identified fault; inspect shape, bands and 1m/field data"
644,13,11,546.38,2185.0,-117.4479,40.2343,360.6,"below 200-closed-px screen; NOT an identified fault; inspect shape, bands and 1m/field data"
645,7,5,545.71,2346.0,-117.2586,40.2355,100.0,"below 200-closed-px screen; NOT an identified fault; inspect shape, bands and 1m/field data"
646,6,4,545.5,722.0,-119.167,40.2157,100.0,"below 200-closed-px screen; NOT an identified fault; inspect shape, bands and 1m/field data"
647,1,1,545.0,1986.0,-117.6818,40.2344,943.4,"below 200-closed-px screen; NOT an identified fault; inspect shape, bands and 1m/field data"
648,132,100,560.89,681.11,-119.2146,40.2009,200.0,"below 200-closed-px screen; NOT an identified fault; inspect shape, bands and 1m/field data"
649,7,7,549.0,2091.29,-117.558,40.2315,4510.0,"below 200-closed-px screen; NOT an identified fault; inspect shape, bands and 1m/field data"
650,1,1,547.0,528.0,-119.3948,40.2099,3324.2,"below 200-closed-px screen; NOT an identified fault; inspect shape, bands and 1m/field data"
651,18,17,552.5,635.44,-119.2685,40.2074,223.6,"below 200-closed-px screen; NOT an identified fault; inspect shape, bands and 1m/field data"
652,1,1,547.0,718.0,-119.1717,40.2143,316.2,"below 200-closed-px screen; NOT an identified fault; inspect shape, bands and 1m/field data"
653,24,17,548.92,841.54,-119.0265,40.2152,600.0,"below 200-closed-px screen; NOT an identified fault; inspect shape, bands and 1m/field data"
654,11,9,549.18,1407.55,-118.3616,40.2247,100.0,"below 200-closed-px screen; NOT an identified fault; inspect shape, bands and 1m/field data"
655,35,30,551.97,3252.0,-116.1937,40.2273,170.7,"below 200-closed-px screen; NOT an identified fault; inspect shape, bands and 1m/field data"
656,11,9,550.82,1940.36,-117.7354,40.2289,223.6,"below 200-closed-px screen; NOT an identified fault; inspect shape, bands and 1m/field data"
657,3,2,548.33,2352.33,-117.2512,40.2332,100.0,"below 200-closed-px screen; NOT an identified fault; inspect shape, bands and 1m/field data"
658,23,17,553.39,525.48,-119.3975,40.204,3324.2,"below 200-closed-px screen; NOT an identified fault; inspect shape, bands and 1m/field data"
659,3,3,549.33,534.33,-119.3873,40.2079,3985.0,"below 200-closed-px screen; NOT an identified fault; inspect shape, bands and 1m/field data"
660,2,2,549.5,1050.0,-118.7817,40.2187,120.7,"below 200-closed-px screen; NOT an identified fault; inspect shape, bands and 1m/field data"
661,134,80,564.99,1821.51,-117.8749,40.2151,223.6,"below 200-closed-px screen; NOT an identified fault; inspect shape, bands and 1m/field data"
662,12,10,552.5,622.5,-119.2836,40.2071,200.0,"below 200-closed-px screen; NOT an identified fault; inspect shape, bands and 1m/field data"
663,1,1,550.0,2080.0,-117.5713,40.2305,3306.1,"below 200-closed-px screen; NOT an identified fault; inspect shape, bands and 1m/field data"
664,13,12,552.15,2360.23,-117.2419,40.2297,141.4,"below 200-closed-px screen; NOT an identified fault; inspect shape, bands and 1m/field data"
665,2,2,550.5,2428.5,-117.1616,40.2314,3628.6,"below 200-closed-px screen; NOT an identified fault; inspect shape, bands and 1m/field data"
666,11,5,553.36,1052.36,-118.7788,40.2152,100.0,"below 200-closed-px screen; NOT an identified fault; inspect shape, bands and 1m/field data"
668,1,1,553.0,2146.0,-117.4937,40.2282,2202.3,"below 200-closed-px screen; NOT an identified fault; inspect shape, bands and 1m/field data"
670,2,2,553.5,2586.0,-116.9765,40.2288,6498.0,"below 200-closed-px screen; NOT an identified fault; inspect shape, bands and 1m/field data"
671,1,1,553.0,3262.0,-116.1819,40.2263,707.1,"below 200-closed-px screen; NOT an identified fault; inspect shape, bands and 1m/field data"
672,74,63,564.96,831.53,-119.0379,40.2005,360.6,"below 200-closed-px screen; NOT an identified fault; inspect shape, bands and 1m/field data"
673,1,1,555.0,476.0,-119.4556,40.2014,200.0,"below 200-closed-px screen; NOT an identified fault; inspect shape, bands and 1m/field data"
674,185,114,564.81,2019.36,-117.6424,40.2168,300.0,"below 200-closed-px screen; NOT an identified fault; inspect shape, bands and 1m/field data"
675,1,1,555.0,2152.0,-117.4866,40.2264,2061.6,"below 200-closed-px screen; NOT an identified fault; inspect shape, bands and 1m/field data"
676,3,3,556.33,664.33,-119.2344,40.2047,1360.1,"below 200-closed-px screen; NOT an identified fault; inspect shape, bands and 1m/field data"
677,5,5,557.8,728.8,-119.1587,40.2048,316.2,"below 200-closed-px screen; NOT an identified fault; inspect shape, bands and 1m/field data"
679,6,3,559.5,1982.0,-117.6864,40.2213,860.2,"below 200-closed-px screen; NOT an identified fault; inspect shape, bands and 1m/field data"
680,17,11,562.18,2133.71,-117.5081,40.2198,1910.5,"below 200-closed-px screen; NOT an identified fault; inspect shape, bands and 1m/field data"
682,19,13,564.95,2390.63,-117.2061,40.2183,200.0,"below 200-closed-px screen; NOT an identified fault; inspect shape, bands and 1m/field data"
683,1,1,561.0,2497.0,-117.0811,40.222,632.5,"below 200-closed-px screen; NOT an identified fault; inspect shape, bands and 1m/field data"
684,1,1,562.0,718.0,-119.1712,40.2008,100.0,"below 200-closed-px screen; NOT an identified fault; inspect shape, bands and 1m/field data"
685,31,20,565.94,2041.74,-117.6161,40.2159,120.7,"below 200-closed-px screen; NOT an identified fault; inspect shape, bands and 1m/field data"
686,7,5,564.71,2585.0,-116.9777,40.2187,6397.7,"below 200-closed-px screen; NOT an identified fault; inspect shape, bands and 1m/field data"
687,4,4,565.0,470.25,-119.462,40.1922,120.7,"below 200-closed-px screen; NOT an identified fault; inspect shape, bands and 1m/field data"
688,121,110,581.72,630.06,-119.2739,40.181,300.0,"below 200-closed-px screen; NOT an identified fault; inspect shape, bands and 1m/field data"
690,16,12,569.25,2248.5,-117.3731,40.214,100.0,"below 200-closed-px screen; NOT an identified fault; inspect shape, bands and 1m/field data"
691,1,1,568.0,210.0,-119.7673,40.1826,6341.1,"below 200-closed-px screen; NOT an identified fault; inspect shape, bands and 1m/field data"
692,3,3,568.67,1656.0,-118.0694,40.2102,7615.8,"below 200-closed-px screen; NOT an identified fault; inspect shape, bands and 1m/field data"
693,40,32,571.92,1968.75,-117.7018,40.2101,300.0,"below 200-closed-px screen; NOT an identified fault; inspect shape, bands and 1m/field data"
694,1,1,569.0,514.0,-119.4105,40.1897,3500.0,"below 200-closed-px screen; NOT an identified fault; inspect shape, bands and 1m/field data"
695,84,48,574.65,728.27,-119.1588,40.1896,291.4,"below 200-closed-px screen; NOT an identified fault; inspect shape, bands and 1m/field data"
696,31,20,577.61,2370.52,-117.2297,40.2068,253.2,"below 200-closed-px screen; NOT an identified fault; inspect shape, bands and 1m/field data"
697,1,1,570.0,516.0,-119.4081,40.1889,3720.2,"below 200-closed-px screen; NOT an identified fault; inspect shape, bands and 1m/field data"
698,1,1,572.0,669.0,-119.2285,40.1907,500.0,"below 200-closed-px screen; NOT an identified fault; inspect shape, bands and 1m/field data"
699,1,1,573.0,1866.0,-117.8226,40.2083,316.2,"below 200-closed-px screen; NOT an identified fault; inspect shape, bands and 1m/field data"
700,1,1,573.0,1979.0,-117.6898,40.2092,1300.0,"below 200-closed-px screen; NOT an identified fault; inspect shape, bands and 1m/field data"
701,2,2,573.5,2070.0,-117.5829,40.2093,2751.3,"below 200-closed-px screen; NOT an identified fault; inspect shape, bands and 1m/field data"
702,75,63,581.17,699.52,-119.1924,40.1831,200.0,"below 200-closed-px screen; NOT an identified fault; inspect shape, bands and 1m/field data"
703,60,36,585.15,2386.28,-117.2112,40.2001,100.0,"below 200-closed-px screen; NOT an identified fault; inspect shape, bands and 1m/field data"
704,1,1,575.0,1868.0,-117.8202,40.2065,100.0,"below 200-closed-px screen; NOT an identified fault; inspect shape, bands and 1m/field data"
705,1,1,575.0,1940.0,-117.7356,40.2071,509.9,"below 200-closed-px screen; NOT an identified fault; inspect shape, bands and 1m/field data"
706,1,1,575.0,2014.0,-117.6486,40.2076,100.0,"below 200-closed-px screen; NOT an identified fault; inspect shape, bands and 1m/field data"
707,1,1,576.0,1654.0,-118.0716,40.2035,7696.8,"below 200-closed-px screen; NOT an identified fault; inspect shape, bands and 1m/field data"
708,108,81,589.53,2034.97,-117.6239,40.1946,200.0,"below 200-closed-px screen; NOT an identified fault; inspect shape, bands and 1m/field data"
709,2,2,577.5,1048.5,-118.7828,40.1934,1142.1,"below 200-closed-px screen; NOT an identified fault; inspect shape, bands and 1m/field data"
710,1,1,577.0,2671.0,-116.8766,40.2075,1655.3,"below 200-closed-px screen; NOT an identified fault; inspect shape, bands and 1m/field data"
712,1,1,579.0,2021.0,-117.6404,40.204,640.3,"below 200-closed-px screen; NOT an identified fault; inspect shape, bands and 1m/field data"
713,9,9,581.33,674.0,-119.2223,40.1824,223.6,"below 200-closed-px screen; NOT an identified fault; inspect shape, bands and 1m/field data"
714,1,1,580.0,1401.0,-118.3687,40.1968,989.9,"below 200-closed-px screen; NOT an identified fault; inspect shape, bands and 1m/field data"
715,1,1,580.0,1866.0,-117.8225,40.202,100.0,"below 200-closed-px screen; NOT an identified fault; inspect shape, bands and 1m/field data"
716,7,7,581.43,2257.14,-117.3629,40.203,141.4,"below 200-closed-px screen; NOT an identified fault; inspect shape, bands and 1m/field data"
717,3,2,582.0,2072.0,-117.5804,40.2016,3159.1,"below 200-closed-px screen; NOT an identified fault; inspect shape, bands and 1m/field data"
718,1,1,581.0,2319.0,-117.2902,40.2036,2051.8,"below 200-closed-px screen; NOT an identified fault; inspect shape, bands and 1m/field data"
719,1,1,582.0,1865.0,-117.8236,40.2002,100.0,"below 200-closed-px screen; NOT an identified fault; inspect shape, bands and 1m/field data"
720,1,1,582.0,1960.0,-117.712,40.2009,100.0,"below 200-closed-px screen; NOT an identified fault; inspect shape, bands and 1m/field data"
721,1,1,582.0,2626.0,-116.9295,40.2031,2879.2,"below 200-closed-px screen; NOT an identified fault; inspect shape, bands and 1m/field data"
722,38,26,587.16,819.5,-119.0514,40.1803,291.4,"below 200-closed-px screen; NOT an identified fault; inspect shape, bands and 1m/field data"
723,1,1,583.0,1962.0,-117.7097,40.2,100.0,"below 200-closed-px screen; NOT an identified fault; inspect shape, bands and 1m/field data"
724,1,1,584.0,2627.0,-116.9283,40.2013,2863.6,"below 200-closed-px screen; NOT an identified fault; inspect shape, bands and 1m/field data"
725,3,2,586.0,215.0,-119.7608,40.1666,6213.7,"below 200-closed-px screen; NOT an identified fault; inspect shape, bands and 1m/field data"
727,1,1,586.0,2023.0,-117.638,40.1977,1216.6,"below 200-closed-px screen; NOT an identified fault; inspect shape, bands and 1m/field data"
729,1,1,587.0,2478.0,-117.1034,40.1986,100.0,"below 200-closed-px screen; NOT an identified fault; inspect shape, bands and 1m/field data"
731,3,3,589.0,2021.0,-117.6403,40.195,1400.0,"below 200-closed-px screen; NOT an identified fault; inspect shape, bands and 1m/field data"
732,17,15,590.88,2294.53,-117.3189,40.1947,141.4,"below 200-closed-px screen; NOT an identified fault; inspect shape, bands and 1m/field data"
733,1,1,589.0,1962.0,-117.7096,40.1946,100.0,"below 200-closed-px screen; NOT an identified fault; inspect shape, bands and 1m/field data"
734,1,1,589.0,2367.0,-117.2338,40.1966,100.0,"below 200-closed-px screen; NOT an identified fault; inspect shape, bands and 1m/field data"
735,37,33,594.0,668.0,-119.229,40.1708,200.0,"below 200-closed-px screen; NOT an identified fault; inspect shape, bands and 1m/field data"
736,2,2,590.5,1201.0,-118.6034,40.1843,3463.0,"below 200-closed-px screen; NOT an identified fault; inspect shape, bands and 1m/field data"
737,26,21,596.81,2495.23,-117.0831,40.1897,223.6,"below 200-closed-px screen; NOT an identified fault; inspect shape, bands and 1m/field data"
738,50,27,598.7,1384.34,-118.388,40.1797,100.0,"below 200-closed-px screen; NOT an identified fault; inspect shape, bands and 1m/field data"
739,1,1,592.0,1461.0,-118.298,40.1868,538.5,"below 200-closed-px screen; NOT an identified fault; inspect shape, bands and 1m/field data"
740,4,3,593.5,2747.0,-116.7874,40.1925,2617.3,"below 200-closed-px screen; NOT an identified fault; inspect shape, bands and 1m/field data"
741,1,1,593.0,1200.0,-118.6045,40.1821,3206.2,"below 200-closed-px screen; NOT an identified fault; inspect shape, bands and 1m/field data"
742,4,4,593.75,2511.0,-117.0646,40.1925,1118.0,"below 200-closed-px screen; NOT an identified fault; inspect shape, bands and 1m/field data"
743,2,2,593.5,2641.5,-116.9113,40.1927,2439.2,"below 200-closed-px screen; NOT an identified fault; inspect shape, bands and 1m/field data"
745,116,79,607.43,611.68,-119.2947,40.1574,300.0,"below 200-closed-px screen; NOT an identified fault; inspect shape, bands and 1m/field data"
746,27,15,601.26,1981.26,-117.6869,40.1837,223.6,"below 200-closed-px screen; NOT an identified fault; inspect shape, bands and 1m/field data"
747,3,3,596.33,2578.0,-116.9859,40.1902,5108.8,"below 200-closed-px screen; NOT an identified fault; inspect shape, bands and 1m/field data"
748,1,1,597.0,816.0,-119.0552,40.1713,360.6,"below 200-closed-px screen; NOT an identified fault; inspect shape, bands and 1m/field data"
749,7,7,597.86,2304.86,-117.3068,40.1884,100.0,"below 200-closed-px screen; NOT an identified fault; inspect shape, bands and 1m/field data"
750,1,1,598.0,549.0,-119.3685,40.1645,6229.8,"below 200-closed-px screen; NOT an identified fault; inspect shape, bands and 1m/field data"
751,2,2,598.5,1919.5,-117.7594,40.1857,2316.3,"below 200-closed-px screen; NOT an identified fault; inspect shape, bands and 1m/field data"
752,1,1,598.0,2509.0,-117.067,40.1887,1204.2,"below 200-closed-px screen; NOT an identified fault; inspect shape, bands and 1m/field data"
753,2,2,601.0,1997.5,-117.6678,40.1841,850.0,"below 200-closed-px screen; NOT an identified fault; inspect shape, bands and 1m/field data"
754,5,4,603.4,2642.0,-116.9107,40.1838,3320.5,"below 200-closed-px screen; NOT an identified fault; inspect shape, bands and 1m/field data"
755,21,13,605.43,2138.9,-117.5017,40.1809,200.0,"below 200-closed-px screen; NOT an identified fault; inspect shape, bands and 1m/field data"
756,3,3,604.0,2385.0,-117.2126,40.1831,100.0,"below 200-closed-px screen; NOT an identified fault; inspect shape, bands and 1m/field data"
757,1,1,604.0,547.0,-119.3707,40.159,6229.8,"below 200-closed-px screen; NOT an identified fault; inspect shape, bands and 1m/field data"
758,44,22,610.23,282.55,-119.6807,40.1466,120.7,"below 200-closed-px screen; NOT an identified fault; inspect shape, bands and 1m/field data"
759,3,3,605.33,444.0,-119.4915,40.1553,1170.5,"below 200-closed-px screen; NOT an identified fault; inspect shape, bands and 1m/field data"
760,20,16,607.8,670.8,-119.2253,40.1585,150.0,"below 200-closed-px screen; NOT an identified fault; inspect shape, bands and 1m/field data"
761,28,14,609.86,1134.79,-118.6807,40.1658,170.7,"below 200-closed-px screen; NOT an identified fault; inspect shape, bands and 1m/field data"
762,7,7,606.86,2492.43,-117.0864,40.1807,200.0,"below 200-closed-px screen; NOT an identified fault; inspect shape, bands and 1m/field data"
764,2,2,607.5,2638.5,-116.9148,40.1801,3834.8,"below 200-closed-px screen; NOT an identified fault; inspect shape, bands and 1m/field data"
765,1,1,607.0,2731.0,-116.8062,40.1804,1627.9,"below 200-closed-px screen; NOT an identified fault; inspect shape, bands and 1m/field data"
766,41,30,614.85,2354.51,-117.2484,40.1732,141.4,"below 200-closed-px screen; NOT an identified fault; inspect shape, bands and 1m/field data"
767,3,3,609.0,2522.67,-117.0509,40.1788,100.0,"below 200-closed-px screen; NOT an identified fault; inspect shape, bands and 1m/field data"
768,1,1,609.0,2577.0,-116.9871,40.1788,5249.8,"below 200-closed-px screen; NOT an identified fault; inspect shape, bands and 1m/field data"
769,33,30,614.09,1997.03,-117.6682,40.1723,1513.2,"below 200-closed-px screen; NOT an identified fault; inspect shape, bands and 1m/field data"
770,4,4,611.5,2728.0,-116.8097,40.1764,1833.8,"below 200-closed-px screen; NOT an identified fault; inspect shape, bands and 1m/field data"
771,2,2,610.5,2791.0,-116.7357,40.1771,2793.5,"below 200-closed-px screen; NOT an identified fault; inspect shape, bands and 1m/field data"
772,3,2,612.0,1818.0,-117.8785,40.1727,895.6,"below 200-closed-px screen; NOT an identified fault; inspect shape, bands and 1m/field data"
773,2,2,611.5,1985.0,-117.6824,40.1745,716.2,"below 200-closed-px screen; NOT an identified fault; inspect shape, bands and 1m/field data"
774,19,18,617.37,2737.26,-116.7989,40.1711,2305.3,"below 200-closed-px screen; NOT an identified fault; inspect shape, bands and 1m/field data"
775,17,14,616.94,1390.12,-118.3808,40.1634,141.4,"below 200-closed-px screen; NOT an identified fault; inspect shape, bands and 1m/field data"
776,80,41,619.56,1096.71,-118.7252,40.1564,100.0,"below 200-closed-px screen; NOT an identified fault; inspect shape, bands and 1m/field data"
777,1,1,614.0,1441.0,-118.3212,40.1667,100.0,"below 200-closed-px screen; NOT an identified fault; inspect shape, bands and 1m/field data"
778,2,2,614.5,2038.0,-117.6201,40.1722,250.0,"below 200-closed-px screen; NOT an identified fault; inspect shape, bands and 1m/field data"
779,12,10,616.92,2318.17,-117.2911,40.1713,120.7,"below 200-closed-px screen; NOT an identified fault; inspect shape, bands and 1m/field data"
780,2,2,616.5,668.0,-119.2283,40.1506,100.0,"below 200-closed-px screen; NOT an identified fault; inspect shape, bands and 1m/field data"
781,1,1,616.0,1440.0,-118.3223,40.1649,100.0,"below 200-closed-px screen; NOT an identified fault; inspect shape, bands and 1m/field data"
782,2,2,616.5,2377.0,-117.222,40.1718,560.8,"below 200-closed-px screen; NOT an identified fault; inspect shape, bands and 1m/field data"
783,10,9,618.9,2635.3,-116.9186,40.1698,3773.6,"below 200-closed-px screen; NOT an identified fault; inspect shape, bands and 1m/field data"
785,1,1,617.0,2899.0,-116.6089,40.1709,608.3,"below 200-closed-px screen; NOT an identified fault; inspect shape, bands and 1m/field data"
786,2,2,618.5,1945.5,-117.7287,40.1679,100.0,"below 200-closed-px screen; NOT an identified fault; inspect shape, bands and 1m/field data"
787,1,1,618.0,1960.0,-117.7117,40.1685,900.0,"below 200-closed-px screen; NOT an identified fault; inspect shape, bands and 1m/field data"
788,68,52,625.79,2382.85,-117.2151,40.1634,707.1,"below 200-closed-px screen; NOT an identified fault; inspect shape, bands and 1m/field data"
790,2,2,619.5,535.0,-119.3843,40.1448,7114.4,"below 200-closed-px screen; NOT an identified fault; inspect shape, bands and 1m/field data"
791,1,1,619.0,1986.0,-117.6811,40.1678,1456.0,"below 200-closed-px screen; NOT an identified fault; inspect shape, bands and 1m/field data"
792,4,4,620.0,2152.75,-117.4853,40.1678,1168.3,"below 200-closed-px screen; NOT an identified fault; inspect shape, bands and 1m/field data"
793,1,1,619.0,2703.0,-116.8391,40.1697,141.4,"below 200-closed-px screen; NOT an identified fault; inspect shape, bands and 1m/field data"
794,1,1,620.0,1815.0,-117.8819,40.1655,608.3,"below 200-closed-px screen; NOT an identified fault; inspect shape, bands and 1m/field data"
796,6,6,624.5,1959.0,-117.7128,40.1626,1002.3,"below 200-closed-px screen; NOT an identified fault; inspect shape, bands and 1m/field data"
797,37,21,628.62,2039.95,-117.6177,40.1595,100.0,"below 200-closed-px screen; NOT an identified fault; inspect shape, bands and 1m/field data"
798,10,10,626.1,2399.4,-117.1956,40.1632,100.0,"below 200-closed-px screen; NOT an identified fault; inspect shape, bands and 1m/field data"
799,1,1,622.0,2632.0,-116.9225,40.167,3894.9,"below 200-closed-px screen; NOT an identified fault; inspect shape, bands and 1m/field data"
800,19,10,630.11,530.58,-119.3891,40.1351,7420.6,"below 200-closed-px screen; NOT an identified fault; inspect shape, bands and 1m/field data"
801,1,1,624.0,1893.0,-117.7903,40.1626,1204.2,"below 200-closed-px screen; NOT an identified fault; inspect shape, bands and 1m/field data"
802,6,6,625.5,2140.83,-117.4993,40.1628,1453.4,"below 200-closed-px screen; NOT an identified fault; inspect shape, bands and 1m/field data"
803,3,3,627.0,1905.67,-117.7754,40.16,100.0,"below 200-closed-px screen; NOT an identified fault; inspect shape, bands and 1m/field data"
804,3,3,626.33,2628.33,-116.9268,40.1631,3700.0,"below 200-closed-px screen; NOT an identified fault; inspect shape, bands and 1m/field data"
805,1,1,627.0,1194.0,-118.6108,40.1514,100.0,"below 200-closed-px screen; NOT an identified fault; inspect shape, bands and 1m/field data"
806,1,1,627.0,1395.0,-118.3749,40.1544,100.0,"below 200-closed-px screen; NOT an identified fault; inspect shape, bands and 1m/field data"
807,20,20,632.0,1926.05,-117.7514,40.1556,1627.9,"below 200-closed-px screen; NOT an identified fault; inspect shape, bands and 1m/field data"
808,1,1,627.0,2677.0,-116.8697,40.1625,100.0,"below 200-closed-px screen; NOT an identified fault; inspect shape, bands and 1m/field data"
809,68,63,636.32,2778.82,-116.7501,40.1539,1063.0,"below 200-closed-px screen; NOT an identified fault; inspect shape, bands and 1m/field data"
810,36,34,632.36,2336.92,-117.269,40.1574,360.6,"below 200-closed-px screen; NOT an identified fault; inspect shape, bands and 1m/field data"
811,1,1,629.0,1396.0,-118.3737,40.1526,100.0,"below 200-closed-px screen; NOT an identified fault; inspect shape, bands and 1m/field data"
812,172,123,649.37,2136.57,-117.5041,40.1413,412.3,"below 200-closed-px screen; NOT an identified fault; inspect shape, bands and 1m/field data"
813,3,2,630.0,2734.0,-116.8027,40.1597,1502.1,"below 200-closed-px screen; NOT an identified fault; inspect shape, bands and 1m/field data"
814,6,4,632.5,541.83,-119.3758,40.1332,6305.2,"below 200-closed-px screen; NOT an identified fault; inspect shape, bands and 1m/field data"
815,3,3,630.33,1399.0,-118.3702,40.1514,141.4,"below 200-closed-px screen; NOT an identified fault; inspect shape, bands and 1m/field data"
816,31,23,639.45,2645.71,-116.9064,40.1513,1581.1,"below 200-closed-px screen; NOT an identified fault; inspect shape, bands and 1m/field data"
817,90,65,640.22,2153.94,-117.4838,40.1496,824.6,"below 200-closed-px screen; NOT an identified fault; inspect shape, bands and 1m/field data"
818,130,81,653.09,1898.36,-117.7837,40.1364,200.0,"below 200-closed-px screen; NOT an identified fault; inspect shape, bands and 1m/field data"
819,11,6,633.82,2687.55,-116.8573,40.1563,223.6,"below 200-closed-px screen; NOT an identified fault; inspect shape, bands and 1m/field data"
820,1,1,634.0,607.0,-119.2994,40.1334,200.0,"below 200-closed-px screen; NOT an identified fault; inspect shape, bands and 1m/field data"
821,24,23,640.29,1938.67,-117.7365,40.1482,223.6,"below 200-closed-px screen; NOT an identified fault; inspect shape, bands and 1m/field data"
822,17,15,638.0,2795.0,-116.7311,40.1523,2137.8,"below 200-closed-px screen; NOT an identified fault; inspect shape, bands and 1m/field data"
823,71,61,658.65,431.41,-119.5045,40.107,141.4,"below 200-closed-px screen; NOT an identified fault; inspect shape, bands and 1m/field data"
824,38,15,638.82,1037.03,-118.7948,40.138,100.0,"below 200-closed-px screen; NOT an identified fault; inspect shape, bands and 1m/field data"
825,39,22,639.31,1401.13,-118.3675,40.1434,141.4,"below 200-closed-px screen; NOT an identified fault; inspect shape, bands and 1m/field data"
826,1,1,636.0,606.0,-119.3005,40.1316,100.0,"below 200-closed-px screen; NOT an identified fault; inspect shape, bands and 1m/field data"
827,1,1,636.0,2621.0,-116.9354,40.1544,3201.6,"below 200-closed-px screen; NOT an identified fault; inspect shape, bands and 1m/field data"
828,1,1,636.0,2691.0,-116.8532,40.1544,100.0,"below 200-closed-px screen; NOT an identified fault; inspect shape, bands and 1m/field data"
829,23,23,641.26,681.96,-119.2112,40.1286,500.0,"below 200-closed-px screen; NOT an identified fault; inspect shape, bands and 1m/field data"
830,9,6,640.89,668.89,-119.2266,40.1286,670.8,"below 200-closed-px screen; NOT an identified fault; inspect shape, bands and 1m/field data"
831,17,13,644.06,2045.18,-117.6115,40.1456,100.0,"below 200-closed-px screen; NOT an identified fault; inspect shape, bands and 1m/field data"
832,3,2,642.0,2383.0,-117.2149,40.1488,510.3,"below 200-closed-px screen; NOT an identified fault; inspect shape, bands and 1m/field data"
833,4,4,642.0,2620.0,-116.9366,40.149,2828.4,"below 200-closed-px screen; NOT an identified fault; inspect shape, bands and 1m/field data"
834,10,8,644.6,1049.1,-118.7805,40.133,223.6,"below 200-closed-px screen; NOT an identified fault; inspect shape, bands and 1m/field data"
836,1,1,644.0,1023.0,-118.8111,40.1331,282.8,"below 200-closed-px screen; NOT an identified fault; inspect shape, bands and 1m/field data"
837,1,1,644.0,1094.0,-118.7278,40.1344,412.3,"below 200-closed-px screen; NOT an identified fault; inspect shape, bands and 1m/field data"
838,12,12,646.17,1887.17,-117.7969,40.1425,1200.0,"below 200-closed-px screen; NOT an identified fault; inspect shape, bands and 1m/field data"
839,2,2,644.5,2612.0,-116.946,40.1468,3217.7,"below 200-closed-px screen; NOT an identified fault; inspect shape, bands and 1m/field data"
840,6,6,645.0,2802.5,-116.7223,40.146,1347.2,"below 200-closed-px screen; NOT an identified fault; inspect shape, bands and 1m/field data"
841,1,1,645.0,2594.0,-116.9671,40.1463,4579.3,"below 200-closed-px screen; NOT an identified fault; inspect shape, bands and 1m/field data"
842,13,8,649.77,540.62,-119.3767,40.1177,6361.5,"below 200-closed-px screen; NOT an identified fault; inspect shape, bands and 1m/field data"
843,1,1,646.0,686.0,-119.2064,40.1244,800.0,"below 200-closed-px screen; NOT an identified fault; inspect shape, bands and 1m/field data"
844,1,1,646.0,1024.0,-118.8099,40.1313,282.8,"below 200-closed-px screen; NOT an identified fault; inspect shape, bands and 1m/field data"
845,8,4,646.88,2782.88,-116.7454,40.1444,1791.6,"below 200-closed-px screen; NOT an identified fault; inspect shape, bands and 1m/field data"
846,11,8,651.09,1425.73,-118.3384,40.1331,1997.5,"below 200-closed-px screen; NOT an identified fault; inspect shape, bands and 1m/field data"
847,1,1,647.0,2613.0,-116.9448,40.1445,2969.8,"below 200-closed-px screen; NOT an identified fault; inspect shape, bands and 1m/field data"
848,1,1,648.0,1052.0,-118.777,40.13,282.8,"below 200-closed-px screen; NOT an identified fault; inspect shape, bands and 1m/field data"
849,25,22,654.08,2339.52,-117.2659,40.1379,211.8,"below 200-closed-px screen; NOT an identified fault; inspect shape, bands and 1m/field data"
850,9,8,650.33,2349.33,-117.2544,40.1413,100.0,"below 200-closed-px screen; NOT an identified fault; inspect shape, bands and 1m/field data"
851,1,1,648.0,2693.0,-116.8509,40.1435,223.6,"below 200-closed-px screen; NOT an identified fault; inspect shape, bands and 1m/field data"
852,2,2,648.5,2801.0,-116.7241,40.1429,970.9,"below 200-closed-px screen; NOT an identified fault; inspect shape, bands and 1m/field data"
853,8,7,652.5,1400.38,-118.3682,40.1315,632.5,"below 200-closed-px screen; NOT an identified fault; inspect shape, bands and 1m/field data"
854,1,1,649.0,2395.0,-117.2007,40.1426,100.0,"below 200-closed-px screen; NOT an identified fault; inspect shape, bands and 1m/field data"
855,4,4,649.5,2643.5,-116.909,40.1423,989.9,"below 200-closed-px screen; NOT an identified fault; inspect shape, bands and 1m/field data"
856,4,3,650.5,2741.0,-116.7946,40.1412,1300.0,"below 200-closed-px screen; NOT an identified fault; inspect shape, bands and 1m/field data"
857,2,2,650.5,2406.0,-117.1878,40.1412,935.3,"below 200-closed-px screen; NOT an identified fault; inspect shape, bands and 1m/field data"
858,1,1,651.0,1802.0,-117.8968,40.1375,223.6,"below 200-closed-px screen; NOT an identified fault; inspect shape, bands and 1m/field data"
859,31,23,658.19,2390.0,-117.2066,40.1343,200.0,"below 200-closed-px screen; NOT an identified fault; inspect shape, bands and 1m/field data"
860,8,8,655.5,2076.0,-117.5752,40.1355,2470.7,"below 200-closed-px screen; NOT an identified fault; inspect shape, bands and 1m/field data"
861,1,1,652.0,2625.0,-116.9307,40.14,1780.4,"below 200-closed-px screen; NOT an identified fault; inspect shape, bands and 1m/field data"
862,20,15,656.5,2877.0,-116.6349,40.1354,3710.8,"below 200-closed-px screen; NOT an identified fault; inspect shape, bands and 1m/field data"
863,4,4,653.5,1044.5,-118.7857,40.1249,640.3,"below 200-closed-px screen; NOT an identified fault; inspect shape, bands and 1m/field data"
864,2,2,653.5,2645.0,-116.9073,40.1386,611.7,"below 200-closed-px screen; NOT an identified fault; inspect shape, bands and 1m/field data"
865,1,1,653.0,2711.0,-116.8298,40.139,860.2,"below 200-closed-px screen; NOT an identified fault; inspect shape, bands and 1m/field data"
866,8,4,655.0,2013.5,-117.6485,40.1355,182.5,"below 200-closed-px screen; NOT an identified fault; inspect shape, bands and 1m/field data"
867,2,2,655.5,667.0,-119.2284,40.1154,918.9,"below 200-closed-px screen; NOT an identified fault; inspect shape, bands and 1m/field data"
868,1,1,655.0,1017.0,-118.8179,40.1231,1414.2,"below 200-closed-px screen; NOT an identified fault; inspect shape, bands and 1m/field data"
869,1,1,656.0,1039.0,-118.7921,40.1226,1220.7,"below 200-closed-px screen; NOT an identified fault; inspect shape, bands and 1m/field data"
870,25,17,658.68,2047.24,-117.6089,40.1324,100.0,"below 200-closed-px screen; NOT an identified fault; inspect shape, bands and 1m/field data"
871,6,3,657.17,615.17,-119.2891,40.1128,1200.0,"below 200-closed-px screen; NOT an identified fault; inspect shape, bands and 1m/field data"
872,1,1,657.0,683.0,-119.2096,40.1144,538.5,"below 200-closed-px screen; NOT an identified fault; inspect shape, bands and 1m/field data"
873,1,1,657.0,2707.0,-116.8345,40.1354,316.2,"below 200-closed-px screen; NOT an identified fault; inspect shape, bands and 1m/field data"
874,2,2,658.5,2407.0,-117.1866,40.134,1226.7,"below 200-closed-px screen; NOT an identified fault; inspect shape, bands and 1m/field data"
875,1,1,659.0,2001.0,-117.6632,40.1318,1170.5,"below 200-closed-px screen; NOT an identified fault; inspect shape, bands and 1m/field data"
876,1,1,659.0,2017.0,-117.6444,40.1319,100.0,"below 200-closed-px screen; NOT an identified fault; inspect shape, bands and 1m/field data"
877,3,3,660.33,1025.33,-118.808,40.1184,1513.3,"below 200-closed-px screen; NOT an identified fault; inspect shape, bands and 1m/field data"
879,1,1,661.0,1052.0,-118.7767,40.1183,360.6,"below 200-closed-px screen; NOT an identified fault; inspect shape, bands and 1m/field data"
880,27,18,668.89,1397.59,-118.3711,40.1167,1917.0,"below 200-closed-px screen; NOT an identified fault; inspect shape, bands and 1m/field data"
881,1,1,662.0,2163.0,-117.473,40.1301,141.4,"below 200-closed-px screen; NOT an identified fault; inspect shape, bands and 1m/field data"
882,4,3,663.0,2618.25,-116.9387,40.1301,1565.2,"below 200-closed-px screen; NOT an identified fault; inspect shape, bands and 1m/field data"
883,7,2,663.57,2794.43,-116.7319,40.1293,230.3,"below 200-closed-px screen; NOT an identified fault; inspect shape, bands and 1m/field data"
884,6,5,663.83,2848.33,-116.6686,40.1289,2109.5,"below 200-closed-px screen; NOT an identified fault; inspect shape, bands and 1m/field data"
885,2,2,663.5,2738.0,-116.7981,40.1295,2577.4,"below 200-closed-px screen; NOT an identified fault; inspect shape, bands and 1m/field data"
886,2,2,664.5,2238.0,-117.385,40.1281,3662.3,"below 200-closed-px screen; NOT an identified fault; inspect shape, bands and 1m/field data"
887,15,11,666.07,2664.67,-116.8842,40.1273,100.0,"below 200-closed-px screen; NOT an identified fault; inspect shape, bands and 1m/field data"
888,17,14,664.88,2813.35,-116.7097,40.1281,200.0,"below 200-closed-px screen; NOT an identified fault; inspect shape, bands and 1m/field data"
889,40,16,666.85,3276.4,-116.1663,40.1237,223.6,"below 200-closed-px screen; NOT an identified fault; inspect shape, bands and 1m/field data"
890,3,3,666.0,678.67,-119.2144,40.1062,721.1,"below 200-closed-px screen; NOT an identified fault; inspect shape, bands and 1m/field data"
891,112,84,683.53,1881.83,-117.8028,40.1088,141.4,"below 200-closed-px screen; NOT an identified fault; inspect shape, bands and 1m/field data"
892,12,12,669.08,2335.83,-117.2701,40.1243,392.4,"below 200-closed-px screen; NOT an identified fault; inspect shape, bands and 1m/field data"
893,5,4,669.0,2578.0,-116.9859,40.1247,3808.1,"below 200-closed-px screen; NOT an identified fault; inspect shape, bands and 1m/field data"
894,1,1,667.0,2792.0,-116.7347,40.1262,316.2,"below 200-closed-px screen; NOT an identified fault; inspect shape, bands and 1m/field data"
895,3,3,668.67,2697.0,-116.8463,40.1249,141.4,"below 200-closed-px screen; NOT an identified fault; inspect shape, bands and 1m/field data"
896,1,1,669.0,521.0,-119.3991,40.0999,8315.0,"below 200-closed-px screen; NOT an identified fault; inspect shape, bands and 1m/field data"
897,3,3,670.0,2388.0,-117.2089,40.1236,100.0,"below 200-closed-px screen; NOT an identified fault; inspect shape, bands and 1m/field data"
898,1,1,669.0,2405.0,-117.189,40.1246,1500.0,"below 200-closed-px screen; NOT an identified fault; inspect shape, bands and 1m/field data"
899,4,3,670.25,2619.25,-116.9375,40.1236,1236.9,"below 200-closed-px screen; NOT an identified fault; inspect shape, bands and 1m/field data"
900,12,7,672.25,2001.5,-117.6625,40.1199,1392.8,"below 200-closed-px screen; NOT an identified fault; inspect shape, bands and 1m/field data"
901,1,1,670.0,2123.0,-117.5199,40.1227,100.0,"below 200-closed-px screen; NOT an identified fault; inspect shape, bands and 1m/field data"
902,7,7,671.43,2678.43,-116.8681,40.1225,632.5,"below 200-closed-px screen; NOT an identified fault; inspect shape, bands and 1m/field data"
903,1,1,671.0,1123.0,-118.6932,40.1105,600.0,"below 200-closed-px screen; NOT an identified fault; inspect shape, bands and 1m/field data"
904,9,6,672.89,2046.11,-117.6101,40.1196,100.0,"below 200-closed-px screen; NOT an identified fault; inspect shape, bands and 1m/field data"
905,26,14,680.08,1389.73,-118.3801,40.1065,966.8,"below 200-closed-px screen; NOT an identified fault; inspect shape, bands and 1m/field data"
907,4,3,673.5,2600.0,-116.9601,40.1207,2773.1,"below 200-closed-px screen; NOT an identified fault; inspect shape, bands and 1m/field data"
908,1,1,673.0,2347.0,-117.257,40.1208,1131.4,"below 200-closed-px screen; NOT an identified fault; inspect shape, bands and 1m/field data"
909,54,25,684.22,2573.78,-116.9909,40.111,2720.3,"below 200-closed-px screen; NOT an identified fault; inspect shape, bands and 1m/field data"
911,1,1,675.0,2346.0,-117.2582,40.119,1204.2,"below 200-closed-px screen; NOT an identified fault; inspect shape, bands and 1m/field data"
912,1,1,676.0,1047.0,-118.7822,40.1047,1118.0,"below 200-closed-px screen; NOT an identified fault; inspect shape, bands and 1m/field data"
913,1,1,676.0,2252.0,-117.3685,40.1178,2800.0,"below 200-closed-px screen; NOT an identified fault; inspect shape, bands and 1m/field data"
914,2,2,677.5,2341.5,-117.2635,40.1168,1203.7,"below 200-closed-px screen; NOT an identified fault; inspect shape, bands and 1m/field data"
915,5,4,680.2,532.4,-119.3854,40.0901,7306.4,"below 200-closed-px screen; NOT an identified fault; inspect shape, bands and 1m/field data"
916,82,56,687.06,1033.33,-118.798,40.0945,291.4,"below 200-closed-px screen; NOT an identified fault; inspect shape, bands and 1m/field data"
917,1,1,680.0,1124.0,-118.6918,40.1025,989.9,"below 200-closed-px screen; NOT an identified fault; inspect shape, bands and 1m/field data"
918,83,57,692.75,435.63,-119.4984,40.0764,100.0,"below 200-closed-px screen; NOT an identified fault; inspect shape, bands and 1m/field data"
919,8,8,682.38,3262.88,-116.1823,40.1098,603.0,"below 200-closed-px screen; NOT an identified fault; inspect shape, bands and 1m/field data"
920,28,17,689.82,2180.96,-117.4518,40.1051,141.4,"below 200-closed-px screen; NOT an identified fault; inspect shape, bands and 1m/field data"
921,1,1,685.0,1824.0,-117.8706,40.107,100.0,"below 200-closed-px screen; NOT an identified fault; inspect shape, bands and 1m/field data"
922,47,37,692.09,1772.53,-117.9309,40.1002,223.6,"below 200-closed-px screen; NOT an identified fault; inspect shape, bands and 1m/field data"
923,3,2,688.0,3261.0,-116.1846,40.1047,1167.3,"below 200-closed-px screen; NOT an identified fault; inspect shape, bands and 1m/field data"
924,3,2,688.67,443.67,-119.4891,40.0802,791.2,"below 200-closed-px screen; NOT an identified fault; inspect shape, bands and 1m/field data"
925,2,2,688.5,1903.5,-117.7773,40.1045,100.0,"below 200-closed-px screen; NOT an identified fault; inspect shape, bands and 1m/field data"
926,10,9,691.3,2700.6,-116.8421,40.1045,1166.2,"below 200-closed-px screen; NOT an identified fault; inspect shape, bands and 1m/field data"
927,11,9,692.82,252.55,-119.7129,40.0715,7877.2,"below 200-closed-px screen; NOT an identified fault; inspect shape, bands and 1m/field data"
928,1,1,690.0,2227.0,-117.3978,40.1051,1005.0,"below 200-closed-px screen; NOT an identified fault; inspect shape, bands and 1m/field data"
929,132,100,699.31,2791.81,-116.7351,40.0971,223.6,"below 200-closed-px screen; NOT an identified fault; inspect shape, bands and 1m/field data"
930,43,29,696.0,1046.86,-118.7819,40.0867,538.5,"below 200-closed-px screen; NOT an identified fault; inspect shape, bands and 1m/field data"
931,11,9,693.18,2563.82,-117.0026,40.1029,2506.0,"below 200-closed-px screen; NOT an identified fault; inspect shape, bands and 1m/field data"
932,1,1,692.0,445.0,-119.4875,40.0773,900.0,"below 200-closed-px screen; NOT an identified fault; inspect shape, bands and 1m/field data"
933,14,12,693.64,1117.86,-118.6987,40.0901,1986.1,"below 200-closed-px screen; NOT an identified fault; inspect shape, bands and 1m/field data"
934,1,1,692.0,3145.0,-116.3207,40.102,2720.3,"below 200-closed-px screen; NOT an identified fault; inspect shape, bands and 1m/field data"
935,1,1,693.0,1874.0,-117.8119,40.1003,316.2,"below 200-closed-px screen; NOT an identified fault; inspect shape, bands and 1m/field data"
936,2,2,694.5,1847.0,-117.8435,40.0987,2437.0,"below 200-closed-px screen; NOT an identified fault; inspect shape, bands and 1m/field data"
937,2,2,696.5,1389.5,-118.3801,40.0917,100.0,"below 200-closed-px screen; NOT an identified fault; inspect shape, bands and 1m/field data"
938,24,18,698.21,1898.29,-117.7833,40.0958,308.1,"below 200-closed-px screen; NOT an identified fault; inspect shape, bands and 1m/field data"
939,2,2,696.5,2119.0,-117.5244,40.0988,830.3,"below 200-closed-px screen; NOT an identified fault; inspect shape, bands and 1m/field data"
941,1,1,696.0,2699.0,-116.844,40.1003,1253.0,"below 200-closed-px screen; NOT an identified fault; inspect shape, bands and 1m/field data"
942,29,26,702.28,2765.79,-116.7656,40.0945,714.1,"below 200-closed-px screen; NOT an identified fault; inspect shape, bands and 1m/field data"
943,2,2,697.5,1762.5,-117.9426,40.0952,710.7,"below 200-closed-px screen; NOT an identified fault; inspect shape, bands and 1m/field data"
944,13,11,700.69,2869.85,-116.6435,40.0956,3605.6,"below 200-closed-px screen; NOT an identified fault; inspect shape, bands and 1m/field data"
945,17,10,700.06,1099.18,-118.7205,40.084,282.8,"below 200-closed-px screen; NOT an identified fault; inspect shape, bands and 1m/field data"
946,3,3,700.0,1387.0,-118.383,40.0885,100.0,"below 200-closed-px screen; NOT an identified fault; inspect shape, bands and 1m/field data"
947,1,1,699.0,1924.0,-117.7532,40.0952,538.5,"below 200-closed-px screen; NOT an identified fault; inspect shape, bands and 1m/field data"
948,2,2,699.5,2151.0,-117.4869,40.0962,100.0,"below 200-closed-px screen; NOT an identified fault; inspect shape, bands and 1m/field data"
949,1,1,700.0,1875.0,-117.8106,40.094,400.0,"below 200-closed-px screen; NOT an identified fault; inspect shape, bands and 1m/field data"
950,15,9,701.67,2246.07,-117.3753,40.0947,200.0,"below 200-closed-px screen; NOT an identified fault; inspect shape, bands and 1m/field data"
951,2,2,702.0,1043.5,-118.7857,40.0812,350.0,"below 200-closed-px screen; NOT an identified fault; inspect shape, bands and 1m/field data"
952,1,1,702.0,2220.0,-117.4059,40.0943,824.6,"below 200-closed-px screen; NOT an identified fault; inspect shape, bands and 1m/field data"
955,1,1,703.0,2696.0,-116.8475,40.094,1341.6,"below 200-closed-px screen; NOT an identified fault; inspect shape, bands and 1m/field data"
956,1,1,704.0,1382.0,-118.3888,40.0849,424.3,"below 200-closed-px screen; NOT an identified fault; inspect shape, bands and 1m/field data"
957,2,2,704.5,2351.5,-117.2516,40.0925,4080.3,"below 200-closed-px screen; NOT an identified fault; inspect shape, bands and 1m/field data"
959,25,20,707.76,2778.6,-116.7506,40.0895,100.0,"below 200-closed-px screen; NOT an identified fault; inspect shape, bands and 1m/field data"
960,2,2,704.0,3274.5,-116.1689,40.0902,524.2,"below 200-closed-px screen; NOT an identified fault; inspect shape, bands and 1m/field data"
961,4,4,705.5,1378.5,-118.3928,40.0835,170.7,"below 200-closed-px screen; NOT an identified fault; inspect shape, bands and 1m/field data"
962,15,12,707.6,3268.13,-116.1764,40.087,1212.4,"below 200-closed-px screen; NOT an identified fault; inspect shape, bands and 1m/field data"
963,1,1,706.0,2607.0,-116.9519,40.0914,141.4,"below 200-closed-px screen; NOT an identified fault; inspect shape, bands and 1m/field data"
964,1,1,706.0,2746.0,-116.7888,40.0912,2529.8,"below 200-closed-px screen; NOT an identified fault; inspect shape, bands and 1m/field data"
965,17,16,708.29,1368.65,-118.4043,40.0808,211.8,"below 200-closed-px screen; NOT an identified fault; inspect shape, bands and 1m/field data"
966,11,11,710.91,2589.55,-116.9724,40.087,282.8,"below 200-closed-px screen; NOT an identified fault; inspect shape, bands and 1m/field data"
967,1,1,709.0,439.0,-119.4939,40.0618,141.4,"below 200-closed-px screen; NOT an identified fault; inspect shape, bands and 1m/field data"
968,70,39,717.0,3109.43,-116.3626,40.0797,100.0,"below 200-closed-px screen; NOT an identified fault; inspect shape, bands and 1m/field data"
969,3,3,710.0,599.0,-119.3064,40.0648,1264.9,"below 200-closed-px screen; NOT an identified fault; inspect shape, bands and 1m/field data"
970,2,2,710.0,1759.5,-117.946,40.0839,461.1,"below 200-closed-px screen; NOT an identified fault; inspect shape, bands and 1m/field data"
971,1,1,710.0,2340.0,-117.2651,40.0875,3401.5,"below 200-closed-px screen; NOT an identified fault; inspect shape, bands and 1m/field data"
972,3,3,711.0,2457.33,-117.1275,40.0868,141.4,"below 200-closed-px screen; NOT an identified fault; inspect shape, bands and 1m/field data"
973,1,1,710.0,3281.0,-116.1613,40.0847,1208.3,"below 200-closed-px screen; NOT an identified fault; inspect shape, bands and 1m/field data"
974,2,2,711.0,2087.5,-117.5613,40.0855,996.4,"below 200-closed-px screen; NOT an identified fault; inspect shape, bands and 1m/field data"
975,19,19,715.26,275.84,-119.6848,40.0519,9708.2,"below 200-closed-px screen; NOT an identified fault; inspect shape, bands and 1m/field data"
976,12,9,714.5,594.67,-119.3114,40.0607,1581.1,"below 200-closed-px screen; NOT an identified fault; inspect shape, bands and 1m/field data"
977,11,9,715.36,2180.45,-117.4522,40.0821,100.0,"below 200-closed-px screen; NOT an identified fault; inspect shape, bands and 1m/field data"
978,43,15,716.47,2282.14,-117.3329,40.0815,141.4,"below 200-closed-px screen; NOT an identified fault; inspect shape, bands and 1m/field data"
979,1,1,713.0,1362.0,-118.4121,40.0765,100.0,"below 200-closed-px screen; NOT an identified fault; inspect shape, bands and 1m/field data"
980,1,1,713.0,2084.0,-117.5654,40.0837,1303.8,"below 200-closed-px screen; NOT an identified fault; inspect shape, bands and 1m/field data"
981,30,12,715.67,2645.37,-116.9069,40.0826,258.1,"below 200-closed-px screen; NOT an identified fault; inspect shape, bands and 1m/field data"
982,1,1,714.0,843.0,-119.0204,40.0666,100.0,"below 200-closed-px screen; NOT an identified fault; inspect shape, bands and 1m/field data"
983,11,10,715.36,1356.09,-118.4189,40.0743,120.7,"below 200-closed-px screen; NOT an identified fault; inspect shape, bands and 1m/field data"
984,1,1,715.0,2583.0,-116.9801,40.0833,141.4,"below 200-closed-px screen; NOT an identified fault; inspect shape, bands and 1m/field data"
985,44,36,722.25,846.14,-119.0165,40.0592,120.7,"below 200-closed-px screen; NOT an identified fault; inspect shape, bands and 1m/field data"
986,45,37,718.8,2786.53,-116.7413,40.0796,200.0,"below 200-closed-px screen; NOT an identified fault; inspect shape, bands and 1m/field data"
987,1,1,717.0,2334.0,-117.2721,40.0812,2863.6,"below 200-closed-px screen; NOT an identified fault; inspect shape, bands and 1m/field data"
988,1,1,718.0,632.0,-119.2675,40.0584,2061.6,"below 200-closed-px screen; NOT an identified fault; inspect shape, bands and 1m/field data"
989,2,2,718.5,2579.0,-116.9848,40.0801,350.0,"below 200-closed-px screen; NOT an identified fault; inspect shape, bands and 1m/field data"
990,1,1,718.0,2807.0,-116.7173,40.0802,100.0,"below 200-closed-px screen; NOT an identified fault; inspect shape, bands and 1m/field data"
991,2,2,719.5,445.0,-119.4865,40.0525,700.0,"below 200-closed-px screen; NOT an identified fault; inspect shape, bands and 1m/field data"
992,36,23,724.56,1111.61,-118.7053,40.0621,141.4,"below 200-closed-px screen; NOT an identified fault; inspect shape, bands and 1m/field data"
993,138,45,733.3,437.51,-119.4949,40.0399,200.0,"below 200-closed-px screen; NOT an identified fault; inspect shape, bands and 1m/field data"
994,1,1,720.0,631.0,-119.2686,40.0566,2022.4,"below 200-closed-px screen; NOT an identified fault; inspect shape, bands and 1m/field data"
995,45,29,725.69,2754.67,-116.7787,40.0734,1920.9,"below 200-closed-px screen; NOT an identified fault; inspect shape, bands and 1m/field data"
996,3,3,720.67,3074.67,-116.4034,40.0766,141.4,"below 200-closed-px screen; NOT an identified fault; inspect shape, bands and 1m/field data"
997,9,7,721.56,3085.67,-116.3905,40.0758,100.0,"below 200-closed-px screen; NOT an identified fault; inspect shape, bands and 1m/field data"
998,1,1,721.0,282.0,-119.6774,40.0469,10304.4,"below 200-closed-px screen; NOT an identified fault; inspect shape, bands and 1m/field data"
999,4,4,721.5,2106.5,-117.5389,40.0762,1167.8,"below 200-closed-px screen; NOT an identified fault; inspect shape, bands and 1m/field data"
1000,127,65,731.79,2264.13,-117.354,40.0676,100.0,"below 200-closed-px screen; NOT an identified fault; inspect shape, bands and 1m/field data"
1001,14,10,722.57,3063.79,-116.4162,40.075,100.0,"below 200-closed-px screen; NOT an identified fault; inspect shape, bands and 1m/field data"
1002,1,1,722.0,2588.0,-116.9742,40.077,984.9,"below 200-closed-px screen; NOT an identified fault; inspect shape, bands and 1m/field data"
1003,9,8,725.22,2605.11,-116.9541,40.0741,100.0,"below 200-closed-px screen; NOT an identified fault; inspect shape, bands and 1m/field data"
1004,1,1,722.0,2658.0,-116.8921,40.0769,1118.0,"below 200-closed-px screen; NOT an identified fault; inspect shape, bands and 1m/field data"
1005,2,2,723.5,283.5,-119.6756,40.0447,10559.7,"below 200-closed-px screen; NOT an identified fault; inspect shape, bands and 1m/field data"
1006,5,4,724.4,609.6,-119.2936,40.0521,100.0,"below 200-closed-px screen; NOT an identified fault; inspect shape, bands and 1m/field data"
1007,1,1,723.0,2499.0,-117.0786,40.076,1526.4,"below 200-closed-px screen; NOT an identified fault; inspect shape, bands and 1m/field data"
1008,2,2,723.5,2819.5,-116.7027,40.0752,299.5,"below 200-closed-px screen; NOT an identified fault; inspect shape, bands and 1m/field data"
1009,5,5,723.8,2922.6,-116.5818,40.0746,200.0,"below 200-closed-px screen; NOT an identified fault; inspect shape, bands and 1m/field data"
1010,3,2,725.67,2044.67,-117.6114,40.0721,100.0,"below 200-closed-px screen; NOT an identified fault; inspect shape, bands and 1m/field data"
1011,3,2,725.0,2813.0,-116.7103,40.0739,100.0,"below 200-closed-px screen; NOT an identified fault; inspect shape, bands and 1m/field data"
1012,1,1,725.0,3082.0,-116.3949,40.0727,200.0,"below 200-closed-px screen; NOT an identified fault; inspect shape, bands and 1m/field data"
1013,1,1,726.0,285.0,-119.6737,40.0425,10816.7,"below 200-closed-px screen; NOT an identified fault; inspect shape, bands and 1m/field data"
1014,35,29,734.97,2150.03,-117.4878,40.0643,200.0,"below 200-closed-px screen; NOT an identified fault; inspect shape, bands and 1m/field data"
1015,3,3,726.67,2650.67,-116.9007,40.0727,761.6,"below 200-closed-px screen; NOT an identified fault; inspect shape, bands and 1m/field data"
1016,8,8,727.75,2770.88,-116.7597,40.0715,714.1,"below 200-closed-px screen; NOT an identified fault; inspect shape, bands and 1m/field data"
1017,4,4,727.0,2846.25,-116.6713,40.072,744.1,"below 200-closed-px screen; NOT an identified fault; inspect shape, bands and 1m/field data"
1018,46,44,732.96,1352.83,-118.4224,40.0584,1601.6,"below 200-closed-px screen; NOT an identified fault; inspect shape, bands and 1m/field data"
1019,56,40,736.48,2132.0,-117.5089,40.0628,291.4,"below 200-closed-px screen; NOT an identified fault; inspect shape, bands and 1m/field data"
1020,3,3,728.0,2214.0,-117.4128,40.0708,3130.5,"below 200-closed-px screen; NOT an identified fault; inspect shape, bands and 1m/field data"
1021,61,53,733.16,2776.59,-116.7531,40.0666,1100.0,"below 200-closed-px screen; NOT an identified fault; inspect shape, bands and 1m/field data"
1022,27,16,730.26,3053.48,-116.4283,40.0681,141.4,"below 200-closed-px screen; NOT an identified fault; inspect shape, bands and 1m/field data"
1023,1,1,729.0,2664.0,-116.8851,40.0706,1923.5,"below 200-closed-px screen; NOT an identified fault; inspect shape, bands and 1m/field data"
1025,1,1,730.0,2046.0,-117.6098,40.0682,100.0,"below 200-closed-px screen; NOT an identified fault; inspect shape, bands and 1m/field data"
1026,2,2,730.5,2446.0,-117.1407,40.0692,211.8,"below 200-closed-px screen; NOT an identified fault; inspect shape, bands and 1m/field data"
1027,3,3,731.0,2465.0,-117.1184,40.0688,100.0,"below 200-closed-px screen; NOT an identified fault; inspect shape, bands and 1m/field data"
1028,3,2,732.0,848.0,-119.0141,40.0504,100.0,"below 200-closed-px screen; NOT an identified fault; inspect shape, bands and 1m/field data"
1029,1,1,731.0,2213.0,-117.414,40.0681,3255.8,"below 200-closed-px screen; NOT an identified fault; inspect shape, bands and 1m/field data"
1030,26,13,735.5,2593.15,-116.9682,40.0648,100.0,"below 200-closed-px screen; NOT an identified fault; inspect shape, bands and 1m/field data"
1031,4,2,732.75,819.25,-119.0477,40.0492,150.0,"below 200-closed-px screen; NOT an identified fault; inspect shape, bands and 1m/field data"
1032,13,13,735.62,2454.85,-117.1303,40.0646,500.0,"below 200-closed-px screen; NOT an identified fault; inspect shape, bands and 1m/field data"
1033,1,1,732.0,2643.0,-116.9097,40.0679,1264.9,"below 200-closed-px screen; NOT an identified fault; inspect shape, bands and 1m/field data"
1034,5,4,733.8,2575.4,-116.989,40.0663,1477.5,"below 200-closed-px screen; NOT an identified fault; inspect shape, bands and 1m/field data"
1035,12,8,734.58,2855.92,-116.66,40.0651,1945.2,"below 200-closed-px screen; NOT an identified fault; inspect shape, bands and 1m/field data"
1036,130,84,744.83,3040.32,-116.4439,40.0551,282.8,"below 200-closed-px screen; NOT an identified fault; inspect shape, bands and 1m/field data"
1037,1,1,734.0,823.0,-119.0433,40.0481,538.5,"below 200-closed-px screen; NOT an identified fault; inspect shape, bands and 1m/field data"
1038,1,1,735.0,1712.0,-118.0014,40.0609,141.4,"below 200-closed-px screen; NOT an identified fault; inspect shape, bands and 1m/field data"
1040,37,29,743.11,2650.57,-116.9008,40.0579,848.5,"below 200-closed-px screen; NOT an identified fault; inspect shape, bands and 1m/field data"
1041,1,1,736.0,2461.0,-117.1231,40.0643,707.1,"below 200-closed-px screen; NOT an identified fault; inspect shape, bands and 1m/field data"
1042,2,2,737.5,3008.0,-116.4817,40.0618,120.7,"below 200-closed-px screen; NOT an identified fault; inspect shape, bands and 1m/field data"
1043,1,1,739.0,850.0,-119.0115,40.0442,100.0,"below 200-closed-px screen; NOT an identified fault; inspect shape, bands and 1m/field data"
1044,106,66,749.7,2081.88,-117.5676,40.0506,524.2,"below 200-closed-px screen; NOT an identified fault; inspect shape, bands and 1m/field data"
1045,2,2,740.5,1341.5,-118.4356,40.0514,2710.2,"below 200-closed-px screen; NOT an identified fault; inspect shape, bands and 1m/field data"
1046,1,1,740.0,2577.0,-116.9871,40.0608,1414.2,"below 200-closed-px screen; NOT an identified fault; inspect shape, bands and 1m/field data"
1047,2,2,740.5,3262.5,-116.1834,40.0574,2351.6,"below 200-closed-px screen; NOT an identified fault; inspect shape, bands and 1m/field data"
1048,18,11,742.83,1708.33,-118.0055,40.0538,223.6,"below 200-closed-px screen; NOT an identified fault; inspect shape, bands and 1m/field data"
1049,1,1,741.0,2088.0,-117.5605,40.0585,565.7,"below 200-closed-px screen; NOT an identified fault; inspect shape, bands and 1m/field data"
1050,1,1,741.0,2850.0,-116.667,40.0594,2102.4,"below 200-closed-px screen; NOT an identified fault; inspect shape, bands and 1m/field data"
1051,1,1,741.0,2861.0,-116.6541,40.0593,2758.6,"below 200-closed-px screen; NOT an identified fault; inspect shape, bands and 1m/field data"
1052,16,11,747.19,821.62,-119.0446,40.0362,600.0,"below 200-closed-px screen; NOT an identified fault; inspect shape, bands and 1m/field data"
1053,1,1,742.0,3051.0,-116.4313,40.0576,100.0,"below 200-closed-px screen; NOT an identified fault; inspect shape, bands and 1m/field data"
1054,22,15,746.18,846.86,-119.015,40.0377,100.0,"below 200-closed-px screen; NOT an identified fault; inspect shape, bands and 1m/field data"
1055,7,7,745.43,1121.57,-118.6932,40.0435,300.0,"below 200-closed-px screen; NOT an identified fault; inspect shape, bands and 1m/field data"
1056,164,115,758.63,1696.05,-118.0197,40.0395,282.8,"below 200-closed-px screen; NOT an identified fault; inspect shape, bands and 1m/field data"
1057,1,1,744.0,2747.0,-116.7878,40.057,3580.5,"below 200-closed-px screen; NOT an identified fault; inspect shape, bands and 1m/field data"
1058,8,7,746.75,814.38,-119.0531,40.0365,200.0,"below 200-closed-px screen; NOT an identified fault; inspect shape, bands and 1m/field data"
1059,1,1,745.0,2440.0,-117.1477,40.0562,100.0,"below 200-closed-px screen; NOT an identified fault; inspect shape, bands and 1m/field data"
1060,34,31,752.94,2475.32,-117.1063,40.049,223.6,"below 200-closed-px screen; NOT an identified fault; inspect shape, bands and 1m/field data"
1061,5,3,748.0,2108.0,-117.537,40.0523,1886.8,"below 200-closed-px screen; NOT an identified fault; inspect shape, bands and 1m/field data"
1062,2,2,746.5,2436.5,-117.1518,40.0548,100.0,"below 200-closed-px screen; NOT an identified fault; inspect shape, bands and 1m/field data"
1063,53,43,757.47,1328.89,-118.45,40.0359,4687.2,"below 200-closed-px screen; NOT an identified fault; inspect shape, bands and 1m/field data"
1064,1,1,747.0,1713.0,-118.0,40.0501,781.0,"below 200-closed-px screen; NOT an identified fault; inspect shape, bands and 1m/field data"
1065,1,1,748.0,2460.0,-117.1243,40.0535,800.0,"below 200-closed-px screen; NOT an identified fault; inspect shape, bands and 1m/field data"
1066,1,1,749.0,434.0,-119.4985,40.0257,200.0,"below 200-closed-px screen; NOT an identified fault; inspect shape, bands and 1m/field data"
1067,113,75,764.28,813.87,-119.0532,40.0207,223.6,"below 200-closed-px screen; NOT an identified fault; inspect shape, bands and 1m/field data"
1068,1,1,752.0,2650.0,-116.9015,40.0499,538.5,"below 200-closed-px screen; NOT an identified fault; inspect shape, bands and 1m/field data"
1069,1,1,754.0,1116.0,-118.6995,40.0357,100.0,"below 200-closed-px screen; NOT an identified fault; inspect shape, bands and 1m/field data"
1070,40,19,760.15,2934.5,-116.568,40.0418,100.0,"below 200-closed-px screen; NOT an identified fault; inspect shape, bands and 1m/field data"
1071,23,17,757.09,3013.52,-116.4754,40.0442,100.0,"below 200-closed-px screen; NOT an identified fault; inspect shape, bands and 1m/field data"
1072,107,62,772.97,433.5,-119.4983,40.0041,200.0,"below 200-closed-px screen; NOT an identified fault; inspect shape, bands and 1m/field data"
1073,1,1,756.0,2988.0,-116.5053,40.0453,1140.2,"below 200-closed-px screen; NOT an identified fault; inspect shape, bands and 1m/field data"
1074,1,1,757.0,3289.0,-116.1525,40.0423,5464.4,"below 200-closed-px screen; NOT an identified fault; inspect shape, bands and 1m/field data"
1075,1,1,758.0,2530.0,-117.0422,40.0445,1702.9,"below 200-closed-px screen; NOT an identified fault; inspect shape, bands and 1m/field data"
1076,3,3,759.0,2738.0,-116.7984,40.0435,5234.5,"below 200-closed-px screen; NOT an identified fault; inspect shape, bands and 1m/field data"
1077,83,59,770.95,1005.66,-118.8284,40.0184,282.8,"below 200-closed-px screen; NOT an identified fault; inspect shape, bands and 1m/field data"
1078,10,7,762.7,1025.8,-118.805,40.0262,1303.8,"below 200-closed-px screen; NOT an identified fault; inspect shape, bands and 1m/field data"
1079,1,1,762.0,3287.0,-116.1549,40.0378,5608.0,"below 200-closed-px screen; NOT an identified fault; inspect shape, bands and 1m/field data"
1080,5,3,764.2,846.4,-119.0151,40.0214,200.0,"below 200-closed-px screen; NOT an identified fault; inspect shape, bands and 1m/field data"
1081,2,2,766.5,1133.0,-118.6793,40.0247,1858.7,"below 200-closed-px screen; NOT an identified fault; inspect shape, bands and 1m/field data"
1082,1,1,768.0,842.0,-119.0201,40.0179,200.0,"below 200-closed-px screen; NOT an identified fault; inspect shape, bands and 1m/field data"
1083,3,3,774.0,1322.67,-118.457,40.021,6536.8,"below 200-closed-px screen; NOT an identified fault; inspect shape, bands and 1m/field data"
1084,4,4,774.5,530.5,-119.3847,40.0051,7361.1,"below 200-closed-px screen; NOT an identified fault; inspect shape, bands and 1m/field data"
1085,15,8,780.53,1848.0,-117.8414,40.0212,874.4,"below 200-closed-px screen; NOT an identified fault; inspect shape, bands and 1m/field data"
1086,1,1,777.0,1121.0,-118.6932,40.015,984.9,"below 200-closed-px screen; NOT an identified fault; inspect shape, bands and 1m/field data"
1087,2,2,778.5,1298.5,-118.4852,40.0165,8351.3,"below 200-closed-px screen; NOT an identified fault; inspect shape, bands and 1m/field data"
1088,4,4,779.75,1122.75,-118.6911,40.0126,1276.5,"below 200-closed-px screen; NOT an identified fault; inspect shape, bands and 1m/field data"
1090,1,1,783.0,1124.0,-118.6895,40.0097,1526.4,"below 200-closed-px screen; NOT an identified fault; inspect shape, bands and 1m/field data"
1091,1,1,783.0,1677.0,-118.0417,40.0173,424.3,"below 200-closed-px screen; NOT an identified fault; inspect shape, bands and 1m/field data"
1092,8,6,784.75,1682.0,-118.0358,40.0158,100.0,"below 200-closed-px screen; NOT an identified fault; inspect shape, bands and 1m/field data"
1093,28,25,794.32,1128.89,-118.6835,39.9996,2594.2,"below 200-closed-px screen; NOT an identified fault; inspect shape, bands and 1m/field data"
1095,19,14,792.47,1291.84,-118.4927,40.0039,8297.3,"below 200-closed-px screen; NOT an identified fault; inspect shape, bands and 1m/field data"
1096,84,49,800.52,437.58,-119.4926,39.9794,500.0,"below 200-closed-px screen; NOT an identified fault; inspect shape, bands and 1m/field data"
1097,1,1,796.0,1009.0,-118.8239,39.9959,412.3,"below 200-closed-px screen; NOT an identified fault; inspect shape, bands and 1m/field data"
1098,3,3,797.67,1115.33,-118.6993,39.9963,1640.1,"below 200-closed-px screen; NOT an identified fault; inspect shape, bands and 1m/field data"
1099,1,1,797.0,1807.0,-117.8892,40.006,3114.5,"below 200-closed-px screen; NOT an identified fault; inspect shape, bands and 1m/field data"
1100,1,1,799.0,1806.0,-117.8904,40.0042,3041.4,"below 200-closed-px screen; NOT an identified fault; inspect shape, bands and 1m/field data"
1101,4,2,803.0,1272.5,-118.5152,39.9941,7001.4,"below 200-closed-px screen; NOT an identified fault; inspect shape, bands and 1m/field data"
1102,3,3,807.67,1268.0,-118.5204,39.9898,6435.1,"below 200-closed-px screen; NOT an identified fault; inspect shape, bands and 1m/field data"
1103,1,1,808.0,1127.0,-118.6855,39.9872,3182.8,"below 200-closed-px screen; NOT an identified fault; inspect shape, bands and 1m/field data"
1104,1,1,814.0,884.0,-118.9698,39.9773,1300.0,"below 200-closed-px screen; NOT an identified fault; inspect shape, bands and 1m/field data"
1105,3,3,816.33,988.33,-118.8476,39.9772,500.0,"below 200-closed-px screen; NOT an identified fault; inspect shape, bands and 1m/field data"
1106,1,1,819.0,881.0,-118.9731,39.9728,1702.9,"below 200-closed-px screen; NOT an identified fault; inspect shape, bands and 1m/field data"
1107,1,1,820.0,883.0,-118.9708,39.9719,1627.9,"below 200-closed-px screen; NOT an identified fault; inspect shape, bands and 1m/field data"
1108,4,3,828.5,884.0,-118.9694,39.9643,894.4,"below 200-closed-px screen; NOT an identified fault; inspect shape, bands and 1m/field data"
1109,170,135,843.22,915.37,-118.9323,39.9516,223.6,"below 200-closed-px screen; NOT an identified fault; inspect shape, bands and 1m/field data"
1112,10,8,844.9,1225.2,-118.5697,39.9556,828.0,"below 200-closed-px screen; NOT an identified fault; inspect shape, bands and 1m/field data"
1113,1,1,847.0,1218.0,-118.5781,39.9536,707.1,"below 200-closed-px screen; NOT an identified fault; inspect shape, bands and 1m/field data"
1114,4,4,848.75,480.0,-119.4414,39.9371,2912.8,"below 200-closed-px screen; NOT an identified fault; inspect shape, bands and 1m/field data"
1117,29,25,859.38,586.59,-119.3164,39.93,3275.7,"below 200-closed-px screen; NOT an identified fault; inspect shape, bands and 1m/field data"
1118,25,18,861.16,883.32,-118.9693,39.9349,1443.9,"below 200-closed-px screen; NOT an identified fault; inspect shape, bands and 1m/field data"
1119,3,3,860.0,1220.0,-118.5755,39.9419,500.0,"below 200-closed-px screen; NOT an identified fault; inspect shape, bands and 1m/field data"
1120,1,1,863.0,896.0,-118.9545,39.9335,1392.8,"below 200-closed-px screen; NOT an identified fault; inspect shape, bands and 1m/field data"
1121,21,18,869.0,875.67,-118.9781,39.9276,1099.8,"below 200-closed-px screen; NOT an identified fault; inspect shape, bands and 1m/field data"
1122,6,6,868.83,767.5,-119.1046,39.9256,2768.5,"below 200-closed-px screen; NOT an identified fault; inspect shape, bands and 1m/field data"
1123,24,22,872.0,894.08,-118.9565,39.9253,519.3,"below 200-closed-px screen; NOT an identified fault; inspect shape, bands and 1m/field data"
1124,3,3,870.33,36.0,-119.9596,39.9055,1802.8,"below 200-closed-px screen; NOT an identified fault; inspect shape, bands and 1m/field data"
1125,1,1,871.0,64.0,-119.9269,39.9058,1442.2,"below 200-closed-px screen; NOT an identified fault; inspect shape, bands and 1m/field data"
1126,1,1,871.0,1216.0,-118.5799,39.932,1341.6,"below 200-closed-px screen; NOT an identified fault; inspect shape, bands and 1m/field data"
1127,2,2,872.5,59.5,-119.9321,39.9043,992.5,"below 200-closed-px screen; NOT an identified fault; inspect shape, bands and 1m/field data"
1128,20,20,876.3,1210.2,-118.5866,39.9271,1513.2,"below 200-closed-px screen; NOT an identified fault; inspect shape, bands and 1m/field data"
1129,42,20,878.93,764.43,-119.1079,39.9164,1759.2,"below 200-closed-px screen; NOT an identified fault; inspect shape, bands and 1m/field data"
1130,1,1,874.0,751.0,-119.1238,39.9206,2163.3,"below 200-closed-px screen; NOT an identified fault; inspect shape, bands and 1m/field data"
1131,1,1,875.0,830.0,-119.0313,39.9213,100.0,"below 200-closed-px screen; NOT an identified fault; inspect shape, bands and 1m/field data"
1132,4,4,876.5,573.5,-119.3312,39.9143,1235.2,"below 200-closed-px screen; NOT an identified fault; inspect shape, bands and 1m/field data"
1133,3,2,878.0,76.0,-119.9126,39.8998,2402.1,"below 200-closed-px screen; NOT an identified fault; inspect shape, bands and 1m/field data"
1134,2,2,878.0,724.5,-119.1546,39.9164,150.0,"below 200-closed-px screen; NOT an identified fault; inspect shape, bands and 1m/field data"
1135,3,3,878.67,837.67,-119.0223,39.9182,894.4,"below 200-closed-px screen; NOT an identified fault; inspect shape, bands and 1m/field data"
1136,9,7,880.44,118.56,-119.8628,39.8989,400.0,"below 200-closed-px screen; NOT an identified fault; inspect shape, bands and 1m/field data"
1137,8,6,880.88,827.12,-119.0345,39.916,141.4,"below 200-closed-px screen; NOT an identified fault; inspect shape, bands and 1m/field data"
1138,1,1,881.0,570.0,-119.3352,39.9102,707.1,"below 200-closed-px screen; NOT an identified fault; inspect shape, bands and 1m/field data"
1139,2,2,881.5,676.5,-119.2106,39.9122,100.0,"below 200-closed-px screen; NOT an identified fault; inspect shape, bands and 1m/field data"
1140,1,1,881.0,689.0,-119.196,39.9129,1166.2,"below 200-closed-px screen; NOT an identified fault; inspect shape, bands and 1m/field data"
1141,102,93,895.63,1189.57,-118.6103,39.9094,1769.2,"below 200-closed-px screen; NOT an identified fault; inspect shape, bands and 1m/field data"
1142,1,1,883.0,569.0,-119.3363,39.9084,500.0,"below 200-closed-px screen; NOT an identified fault; inspect shape, bands and 1m/field data"
1143,1,1,884.0,824.0,-119.0381,39.9131,200.0,"below 200-closed-px screen; NOT an identified fault; inspect shape, bands and 1m/field data"
1144,30,10,887.33,670.7,-119.2173,39.9068,141.4,"below 200-closed-px screen; NOT an identified fault; inspect shape, bands and 1m/field data"
1145,1,1,886.0,791.0,-119.0766,39.9106,223.6,"below 200-closed-px screen; NOT an identified fault; inspect shape, bands and 1m/field data"
1146,1,1,887.0,12.0,-119.987,39.8898,632.5,"below 200-closed-px screen; NOT an identified fault; inspect shape, bands and 1m/field data"
1147,11,10,891.18,1539.36,-118.2013,39.9183,300.0,"below 200-closed-px screen; NOT an identified fault; inspect shape, bands and 1m/field data"
1148,73,58,893.95,722.49,-119.1565,39.902,200.0,"below 200-closed-px screen; NOT an identified fault; inspect shape, bands and 1m/field data"
1149,1,1,890.0,74.0,-119.9145,39.889,2435.2,"below 200-closed-px screen; NOT an identified fault; inspect shape, bands and 1m/field data"
1150,29,18,893.34,241.55,-119.7186,39.8907,509.9,"below 200-closed-px screen; NOT an identified fault; inspect shape, bands and 1m/field data"
1151,4,3,890.5,1444.5,-118.3123,39.9177,360.6,"below 200-closed-px screen; NOT an identified fault; inspect shape, bands and 1m/field data"
1152,3,3,892.0,683.67,-119.202,39.9029,1140.2,"below 200-closed-px screen; NOT an identified fault; inspect shape, bands and 1m/field data"
1153,173,135,910.09,21.78,-119.9747,39.8693,200.0,"below 200-closed-px screen; NOT an identified fault; inspect shape, bands and 1m/field data"
1154,1,1,892.0,663.0,-119.2261,39.9024,360.6,"below 200-closed-px screen; NOT an identified fault; inspect shape, bands and 1m/field data"
1156,3,3,893.33,101.0,-119.8828,39.8868,670.8,"below 200-closed-px screen; NOT an identified fault; inspect shape, bands and 1m/field data"
1157,9,6,893.67,1448.0,-118.3081,39.9149,223.6,"below 200-closed-px screen; NOT an identified fault; inspect shape, bands and 1m/field data"
1158,5,5,895.6,398.0,-119.5357,39.8928,8127.1,"below 200-closed-px screen; NOT an identified fault; inspect shape, bands and 1m/field data"
1159,1,1,894.0,661.0,-119.2284,39.9006,500.0,"below 200-closed-px screen; NOT an identified fault; inspect shape, bands and 1m/field data"
1160,195,137,899.23,1283.64,-118.5002,39.9076,141.4,"below 200-closed-px screen; NOT an identified fault; inspect shape, bands and 1m/field data"
1161,168,127,917.88,762.39,-119.1092,39.8813,282.8,"below 200-closed-px screen; NOT an identified fault; inspect shape, bands and 1m/field data"
1162,1,1,896.0,236.0,-119.725,39.8882,100.0,"below 200-closed-px screen; NOT an identified fault; inspect shape, bands and 1m/field data"
1163,5,4,898.6,233.4,-119.7279,39.8858,100.0,"below 200-closed-px screen; NOT an identified fault; inspect shape, bands and 1m/field data"
1164,63,59,905.44,167.56,-119.8046,39.8778,300.0,"below 200-closed-px screen; NOT an identified fault; inspect shape, bands and 1m/field data"
1165,46,29,909.61,75.85,-119.9116,39.8714,2418.7,"below 200-closed-px screen; NOT an identified fault; inspect shape, bands and 1m/field data"
1166,4,4,900.5,260.5,-119.6962,39.8848,478.6,"below 200-closed-px screen; NOT an identified fault; inspect shape, bands and 1m/field data"
1167,1,1,902.0,109.0,-119.8731,39.8792,640.3,"below 200-closed-px screen; NOT an identified fault; inspect shape, bands and 1m/field data"
1168,1,1,902.0,257.0,-119.7003,39.8833,300.0,"below 200-closed-px screen; NOT an identified fault; inspect shape, bands and 1m/field data"
1169,4,2,904.5,52.0,-119.9396,39.8753,170.7,"below 200-closed-px screen; NOT an identified fault; inspect shape, bands and 1m/field data"
1171,1,1,906.0,152.0,-119.8228,39.8768,1216.6,"below 200-closed-px screen; NOT an identified fault; inspect shape, bands and 1m/field data"
1172,21,14,912.76,115.33,-119.8653,39.8697,1012.4,"below 200-closed-px screen; NOT an identified fault; inspect shape, bands and 1m/field data"
1173,1,1,909.0,246.0,-119.7129,39.8767,100.0,"below 200-closed-px screen; NOT an identified fault; inspect shape, bands and 1m/field data"
1174,1,1,910.0,180.0,-119.7899,39.874,100.0,"below 200-closed-px screen; NOT an identified fault; inspect shape, bands and 1m/field data"
1175,1,1,910.0,415.0,-119.5154,39.8803,7780.1,"below 200-closed-px screen; NOT an identified fault; inspect shape, bands and 1m/field data"
1176,42,35,917.33,1167.74,-118.6354,39.8894,2247.2,"below 200-closed-px screen; NOT an identified fault; inspect shape, bands and 1m/field data"
1177,105,77,922.15,1093.3,-118.7223,39.8838,3847.1,"below 200-closed-px screen; NOT an identified fault; inspect shape, bands and 1m/field data"
1178,47,36,919.32,185.96,-119.7826,39.8658,200.0,"below 200-closed-px screen; NOT an identified fault; inspect shape, bands and 1m/field data"
1179,1,1,915.0,698.0,-119.1846,39.8825,1702.9,"below 200-closed-px screen; NOT an identified fault; inspect shape, bands and 1m/field data"
1180,1,1,917.0,701.0,-119.181,39.8808,1600.0,"below 200-closed-px screen; NOT an identified fault; inspect shape, bands and 1m/field data"
1182,1,1,918.0,124.0,-119.855,39.8652,200.0,"below 200-closed-px screen; NOT an identified fault; inspect shape, bands and 1m/field data"
1183,46,19,926.61,781.74,-119.0864,39.8738,200.0,"below 200-closed-px screen; NOT an identified fault; inspect shape, bands and 1m/field data"
1184,3,3,921.0,73.0,-119.9145,39.861,1868.2,"below 200-closed-px screen; NOT an identified fault; inspect shape, bands and 1m/field data"
1185,58,43,932.05,53.66,-119.9366,39.8505,100.0,"below 200-closed-px screen; NOT an identified fault; inspect shape, bands and 1m/field data"
1186,1,1,921.0,160.0,-119.8129,39.8636,1700.0,"below 200-closed-px screen; NOT an identified fault; inspect shape, bands and 1m/field data"
1187,1,1,923.0,36.0,-119.9576,39.8581,223.6,"below 200-closed-px screen; NOT an identified fault; inspect shape, bands and 1m/field data"
1188,156,119,940.54,28.85,-119.9653,39.8422,141.4,"below 200-closed-px screen; NOT an identified fault; inspect shape, bands and 1m/field data"
1189,1,1,925.0,1525.0,-118.2175,39.8877,1118.0,"below 200-closed-px screen; NOT an identified fault; inspect shape, bands and 1m/field data"
1190,94,50,936.3,123.09,-119.8554,39.8487,211.8,"below 200-closed-px screen; NOT an identified fault; inspect shape, bands and 1m/field data"
1191,76,45,931.24,545.33,-119.3625,39.8644,100.0,"below 200-closed-px screen; NOT an identified fault; inspect shape, bands and 1m/field data"
1192,25,15,934.08,41.52,-119.9507,39.8483,984.9,"below 200-closed-px screen; NOT an identified fault; inspect shape, bands and 1m/field data"
1193,17,13,931.29,69.71,-119.9179,39.8517,1500.0,"below 200-closed-px screen; NOT an identified fault; inspect shape, bands and 1m/field data"
1194,1,1,931.0,1082.0,-118.7353,39.8757,4809.4,"below 200-closed-px screen; NOT an identified fault; inspect shape, bands and 1m/field data"
1195,26,16,936.96,663.0,-119.2248,39.8619,100.0,"below 200-closed-px screen; NOT an identified fault; inspect shape, bands and 1m/field data"
1196,1,1,935.0,67.0,-119.9209,39.8483,1200.0,"below 200-closed-px screen; NOT an identified fault; inspect shape, bands and 1m/field data"
1197,1,1,935.0,73.0,-119.9139,39.8484,1664.3,"below 200-closed-px screen; NOT an identified fault; inspect shape, bands and 1m/field data"
1198,1,1,935.0,1531.0,-118.2104,39.8787,1303.8,"below 200-closed-px screen; NOT an identified fault; inspect shape, bands and 1m/field data"
1199,1,1,936.0,447.0,-119.4772,39.8577,3662.0,"below 200-closed-px screen; NOT an identified fault; inspect shape, bands and 1m/field data"
1200,52,42,952.27,234.13,-119.7252,39.8375,300.0,"below 200-closed-px screen; NOT an identified fault; inspect shape, bands and 1m/field data"
1202,1,1,945.0,543.0,-119.3647,39.8519,223.6,"below 200-closed-px screen; NOT an identified fault; inspect shape, bands and 1m/field data"
1203,1,1,945.0,1316.0,-118.4615,39.8668,100.0,"below 200-closed-px screen; NOT an identified fault; inspect shape, bands and 1m/field data"
1204,2,2,946.0,51.5,-119.9386,39.8379,150.0,"below 200-closed-px screen; NOT an identified fault; inspect shape, bands and 1m/field data"
1205,2,2,946.0,62.5,-119.9258,39.8382,250.0,"below 200-closed-px screen; NOT an identified fault; inspect shape, bands and 1m/field data"
1206,3,2,946.0,661.0,-119.2269,39.8538,100.0,"below 200-closed-px screen; NOT an identified fault; inspect shape, bands and 1m/field data"
1207,2,2,946.5,732.5,-119.1433,39.8549,1492.9,"below 200-closed-px screen; NOT an identified fault; inspect shape, bands and 1m/field data"
1208,1,1,947.0,60.0,-119.9286,39.8373,100.0,"below 200-closed-px screen; NOT an identified fault; inspect shape, bands and 1m/field data"
1209,1,1,948.0,167.0,-119.8037,39.8395,707.1,"below 200-closed-px screen; NOT an identified fault; inspect shape, bands and 1m/field data"
1210,1,1,950.0,1317.0,-118.4603,39.8624,100.0,"below 200-closed-px screen; NOT an identified fault; inspect shape, bands and 1m/field data"
1211,1,1,950.0,1478.0,-118.2721,39.8646,100.0,"below 200-closed-px screen; NOT an identified fault; inspect shape, bands and 1m/field data"
1212,6,6,952.83,730.67,-119.1453,39.8491,1604.5,"below 200-closed-px screen; NOT an identified fault; inspect shape, bands and 1m/field data"
1214,89,55,961.89,656.34,-119.2319,39.8394,100.0,"below 200-closed-px screen; NOT an identified fault; inspect shape, bands and 1m/field data"
1215,74,47,962.55,51.84,-119.9376,39.823,200.0,"below 200-closed-px screen; NOT an identified fault; inspect shape, bands and 1m/field data"
1216,4,4,955.0,186.25,-119.781,39.8337,1167.8,"below 200-closed-px screen; NOT an identified fault; inspect shape, bands and 1m/field data"
1218,1,1,957.0,39.0,-119.9528,39.8276,670.8,"below 200-closed-px screen; NOT an identified fault; inspect shape, bands and 1m/field data"
1219,1,1,960.0,1482.0,-118.2672,39.8556,200.0,"below 200-closed-px screen; NOT an identified fault; inspect shape, bands and 1m/field data"
1220,1,1,961.0,149.0,-119.8242,39.8272,400.0,"below 200-closed-px screen; NOT an identified fault; inspect shape, bands and 1m/field data"
1221,3,2,963.0,146.0,-119.8277,39.8254,182.5,"below 200-closed-px screen; NOT an identified fault; inspect shape, bands and 1m/field data"
1223,1,1,963.0,306.0,-119.6409,39.8298,2683.3,"below 200-closed-px screen; NOT an identified fault; inspect shape, bands and 1m/field data"
1224,46,15,970.35,179.46,-119.7883,39.8197,141.4,"below 200-closed-px screen; NOT an identified fault; inspect shape, bands and 1m/field data"
1225,15,9,965.53,477.6,-119.4405,39.8319,509.9,"below 200-closed-px screen; NOT an identified fault; inspect shape, bands and 1m/field data"
1226,1,1,964.0,501.0,-119.4132,39.8338,1200.0,"below 200-closed-px screen; NOT an identified fault; inspect shape, bands and 1m/field data"
1227,2,2,965.5,709.5,-119.1697,39.8373,1687.8,"below 200-closed-px screen; NOT an identified fault; inspect shape, bands and 1m/field data"
1228,1,1,965.0,1492.0,-118.2555,39.8512,700.0,"below 200-closed-px screen; NOT an identified fault; inspect shape, bands and 1m/field data"
1229,1,1,968.0,308.0,-119.6384,39.8253,3052.9,"below 200-closed-px screen; NOT an identified fault; inspect shape, bands and 1m/field data"
1230,60,35,979.27,490.68,-119.4248,39.8198,565.7,"below 200-closed-px screen; NOT an identified fault; inspect shape, bands and 1m/field data"
1231,17,9,972.65,311.71,-119.6339,39.8212,2842.5,"below 200-closed-px screen; NOT an identified fault; inspect shape, bands and 1m/field data"
1232,2,2,970.5,1302.0,-118.4774,39.8437,253.2,"below 200-closed-px screen; NOT an identified fault; inspect shape, bands and 1m/field data"
1233,1,1,971.0,612.0,-119.2834,39.8301,100.0,"below 200-closed-px screen; NOT an identified fault; inspect shape, bands and 1m/field data"
1234,1,1,973.0,527.0,-119.3826,39.8263,360.6,"below 200-closed-px screen; NOT an identified fault; inspect shape, bands and 1m/field data"
1235,3,3,975.0,102.0,-119.8786,39.8133,2692.6,"below 200-closed-px screen; NOT an identified fault; inspect shape, bands and 1m/field data"
1236,1,1,977.0,113.0,-119.8657,39.8118,2088.1,"below 200-closed-px screen; NOT an identified fault; inspect shape, bands and 1m/field data"
1237,3,3,977.67,207.0,-119.7559,39.8139,1131.4,"below 200-closed-px screen; NOT an identified fault; inspect shape, bands and 1m/field data"
1238,172,104,992.21,179.17,-119.7879,39.8,538.5,"below 200-closed-px screen; NOT an identified fault; inspect shape, bands and 1m/field data"
1239,141,111,991.75,667.27,-119.2182,39.8127,200.0,"below 200-closed-px screen; NOT an identified fault; inspect shape, bands and 1m/field data"
1240,1,1,983.0,529.0,-119.3799,39.8174,894.4,"below 200-closed-px screen; NOT an identified fault; inspect shape, bands and 1m/field data"
1241,1,1,984.0,163.0,-119.8071,39.8069,670.8,"below 200-closed-px screen; NOT an identified fault; inspect shape, bands and 1m/field data"
1242,28,16,992.96,117.89,-119.8593,39.7976,956.0,"below 200-closed-px screen; NOT an identified fault; inspect shape, bands and 1m/field data"
1243,8,5,991.0,157.62,-119.8131,39.8005,1403.6,"below 200-closed-px screen; NOT an identified fault; inspect shape, bands and 1m/field data"
1244,163,84,999.9,1006.61,-118.8218,39.8123,141.4,"below 200-closed-px screen; NOT an identified fault; inspect shape, bands and 1m/field data"
1245,174,120,1010.73,136.13,-119.8374,39.7821,141.4,"below 200-closed-px screen; NOT an identified fault; inspect shape, bands and 1m/field data"
1246,1,1,996.0,214.0,-119.7471,39.7976,100.0,"below 200-closed-px screen; NOT an identified fault; inspect shape, bands and 1m/field data"
1247,3,3,998.33,215.33,-119.7455,39.7955,100.0,"below 200-closed-px screen; NOT an identified fault; inspect shape, bands and 1m/field data"
1248,1,1,998.0,256.0,-119.698,39.7969,860.2,"below 200-closed-px screen; NOT an identified fault; inspect shape, bands and 1m/field data"
1249,1,1,1000.0,151.0,-119.8205,39.7922,824.6,"below 200-closed-px screen; NOT an identified fault; inspect shape, bands and 1m/field data"
1250,64,38,1006.72,109.47,-119.8687,39.785,141.4,"below 200-closed-px screen; NOT an identified fault; inspect shape, bands and 1m/field data"
1251,91,50,1008.97,623.19,-119.2692,39.7962,100.0,"below 200-closed-px screen; NOT an identified fault; inspect shape, bands and 1m/field data"
1252,1,1,1003.0,860.0,-118.9929,39.8067,583.1,"below 200-closed-px screen; NOT an identified fault; inspect shape, bands and 1m/field data"
1253,30,21,1010.83,208.47,-119.753,39.7841,141.4,"below 200-closed-px screen; NOT an identified fault; inspect shape, bands and 1m/field data"
1254,1,1,1005.0,294.0,-119.6535,39.7916,100.0,"below 200-closed-px screen; NOT an identified fault; inspect shape, bands and 1m/field data"
1256,1,1,1006.0,275.0,-119.6756,39.7902,989.9,"below 200-closed-px screen; NOT an identified fault; inspect shape, bands and 1m/field data"
1257,107,56,1016.31,671.75,-119.2123,39.7907,200.0,"below 200-closed-px screen; NOT an identified fault; inspect shape, bands and 1m/field data"
1258,10,9,1009.5,717.5,-119.1591,39.7978,141.4,"below 200-closed-px screen; NOT an identified fault; inspect shape, bands and 1m/field data"
1259,134,98,1018.25,862.37,-118.9898,39.793,282.8,"below 200-closed-px screen; NOT an identified fault; inspect shape, bands and 1m/field data"
1260,3,3,1007.0,1679.0,-118.0363,39.8156,721.1,"below 200-closed-px screen; NOT an identified fault; inspect shape, bands and 1m/field data"
1261,2,2,1007.0,272.5,-119.6785,39.7893,1242.4,"below 200-closed-px screen; NOT an identified fault; inspect shape, bands and 1m/field data"
1262,1,1,1008.0,268.0,-119.6837,39.7882,1664.3,"below 200-closed-px screen; NOT an identified fault; inspect shape, bands and 1m/field data"
1263,1,1,1010.0,224.0,-119.7349,39.7852,500.0,"below 200-closed-px screen; NOT an identified fault; inspect shape, bands and 1m/field data"
1264,74,58,1023.2,299.03,-119.647,39.7754,170.7,"below 200-closed-px screen; NOT an identified fault; inspect shape, bands and 1m/field data"
1265,9,9,1013.89,741.89,-119.1305,39.7944,300.0,"below 200-closed-px screen; NOT an identified fault; inspect shape, bands and 1m/field data"
1266,175,82,1022.52,774.28,-119.0925,39.7873,141.4,"below 200-closed-px screen; NOT an identified fault; inspect shape, bands and 1m/field data"
1267,145,106,1022.9,1640.44,-118.0812,39.8008,170.7,"below 200-closed-px screen; NOT an identified fault; inspect shape, bands and 1m/field data"
1268,34,12,1017.68,222.82,-119.736,39.7783,253.2,"below 200-closed-px screen; NOT an identified fault; inspect shape, bands and 1m/field data"
1269,2,2,1014.5,272.0,-119.6788,39.7825,1806.5,"below 200-closed-px screen; NOT an identified fault; inspect shape, bands and 1m/field data"
1270,1,1,1016.0,796.0,-119.0673,39.7937,200.0,"below 200-closed-px screen; NOT an identified fault; inspect shape, bands and 1m/field data"
1272,1,1,1017.0,718.0,-119.1583,39.7911,100.0,"below 200-closed-px screen; NOT an identified fault; inspect shape, bands and 1m/field data"
1273,1,1,1017.0,1635.0,-118.0876,39.8061,640.3,"below 200-closed-px screen; NOT an identified fault; inspect shape, bands and 1m/field data"
1274,1,1,1018.0,203.0,-119.7592,39.7775,100.0,"below 200-closed-px screen; NOT an identified fault; inspect shape, bands and 1m/field data"
1275,1,1,1021.0,717.0,-119.1594,39.7875,100.0,"below 200-closed-px screen; NOT an identified fault; inspect shape, bands and 1m/field data"
1276,1,1,1021.0,733.0,-119.1407,39.7878,1100.0,"below 200-closed-px screen; NOT an identified fault; inspect shape, bands and 1m/field data"
1277,22,13,1022.32,1655.91,-118.0631,39.8015,100.0,"below 200-closed-px screen; NOT an identified fault; inspect shape, bands and 1m/field data"
1278,34,20,1029.24,714.03,-119.1626,39.78,100.0,"below 200-closed-px screen; NOT an identified fault; inspect shape, bands and 1m/field data"
1279,5,5,1024.8,991.8,-118.8385,39.7896,1360.1,"below 200-closed-px screen; NOT an identified fault; inspect shape, bands and 1m/field data"
1280,1,1,1025.0,802.0,-119.06,39.7857,100.0,"below 200-closed-px screen; NOT an identified fault; inspect shape, bands and 1m/field data"
1281,1,1,1026.0,545.0,-119.3599,39.7791,707.1,"below 200-closed-px screen; NOT an identified fault; inspect shape, bands and 1m/field data"
1282,5,2,1027.0,134.0,-119.8393,39.7674,100.0,"below 200-closed-px screen; NOT an identified fault; inspect shape, bands and 1m/field data"
1283,1,1,1027.0,793.0,-119.0705,39.7837,316.2,"below 200-closed-px screen; NOT an identified fault; inspect shape, bands and 1m/field data"
1285,2,2,1028.5,1169.0,-118.6316,39.7893,120.7,"below 200-closed-px screen; NOT an identified fault; inspect shape, bands and 1m/field data"
1286,1,1,1029.0,728.0,-119.1463,39.7805,1315.3,"below 200-closed-px screen; NOT an identified fault; inspect shape, bands and 1m/field data"
1287,1,1,1031.0,552.0,-119.3516,39.7747,984.9,"below 200-closed-px screen; NOT an identified fault; inspect shape, bands and 1m/field data"
1288,11,10,1033.55,1012.0,-118.8147,39.7821,1189.4,"below 200-closed-px screen; NOT an identified fault; inspect shape, bands and 1m/field data"
1289,7,3,1033.71,553.86,-119.3493,39.7723,728.0,"below 200-closed-px screen; NOT an identified fault; inspect shape, bands and 1m/field data"
1291,5,3,1033.2,1171.6,-118.6284,39.7852,100.0,"below 200-closed-px screen; NOT an identified fault; inspect shape, bands and 1m/field data"
1292,2,2,1035.5,561.0,-119.341,39.7709,680.7,"below 200-closed-px screen; NOT an identified fault; inspect shape, bands and 1m/field data"
1294,1,1,1041.0,345.0,-119.5927,39.7606,300.0,"below 200-closed-px screen; NOT an identified fault; inspect shape, bands and 1m/field data"
1295,1,1,1041.0,770.0,-119.097,39.7706,141.4,"below 200-closed-px screen; NOT an identified fault; inspect shape, bands and 1m/field data"
1296,16,12,1045.06,672.88,-119.2102,39.7648,100.0,"below 200-closed-px screen; NOT an identified fault; inspect shape, bands and 1m/field data"
1297,3,3,1044.0,514.0,-119.3955,39.7621,316.2,"below 200-closed-px screen; NOT an identified fault; inspect shape, bands and 1m/field data"
1298,15,12,1047.53,310.8,-119.6324,39.7538,120.7,"below 200-closed-px screen; NOT an identified fault; inspect shape, bands and 1m/field data"
1299,1,1,1044.0,778.0,-119.0875,39.7681,670.8,"below 200-closed-px screen; NOT an identified fault; inspect shape, bands and 1m/field data"
1300,19,11,1051.74,784.32,-119.08,39.7612,922.0,"below 200-closed-px screen; NOT an identified fault; inspect shape, bands and 1m/field data"
1301,1,1,1049.0,767.0,-119.1002,39.7633,400.0,"below 200-closed-px screen; NOT an identified fault; inspect shape, bands and 1m/field data"
1302,21,11,1051.24,982.14,-118.8491,39.7656,500.0,"below 200-closed-px screen; NOT an identified fault; inspect shape, bands and 1m/field data"
1303,2,2,1050.5,282.5,-119.6653,39.7504,2122.5,"below 200-closed-px screen; NOT an identified fault; inspect shape, bands and 1m/field data"
1304,59,52,1061.19,753.19,-119.116,39.7521,790.5,"below 200-closed-px screen; NOT an identified fault; inspect shape, bands and 1m/field data"
1305,1,1,1051.0,671.0,-119.2122,39.7595,100.0,"below 200-closed-px screen; NOT an identified fault; inspect shape, bands and 1m/field data"
1306,1,1,1052.0,1000.0,-118.8283,39.7652,100.0,"below 200-closed-px screen; NOT an identified fault; inspect shape, bands and 1m/field data"
1307,1,1,1053.0,942.0,-118.8959,39.7633,583.1,"below 200-closed-px screen; NOT an identified fault; inspect shape, bands and 1m/field data"
1308,3,2,1055.0,662.0,-119.2226,39.7557,546.5,"below 200-closed-px screen; NOT an identified fault; inspect shape, bands and 1m/field data"
1309,1,1,1054.0,999.0,-118.8294,39.7634,100.0,"below 200-closed-px screen; NOT an identified fault; inspect shape, bands and 1m/field data"
1310,1,1,1056.0,941.0,-118.897,39.7605,282.8,"below 200-closed-px screen; NOT an identified fault; inspect shape, bands and 1m/field data"
1311,19,12,1060.68,319.0,-119.6224,39.7422,986.5,"below 200-closed-px screen; NOT an identified fault; inspect shape, bands and 1m/field data"
1312,12,8,1059.83,997.0,-118.8316,39.7581,100.0,"below 200-closed-px screen; NOT an identified fault; inspect shape, bands and 1m/field data"
1313,36,19,1063.58,622.64,-119.2682,39.747,360.6,"below 200-closed-px screen; NOT an identified fault; inspect shape, bands and 1m/field data"
1314,1,1,1061.0,763.0,-119.1046,39.7524,316.2,"below 200-closed-px screen; NOT an identified fault; inspect shape, bands and 1m/field data"
1315,4,4,1065.5,668.0,-119.2153,39.7463,364.3,"below 200-closed-px screen; NOT an identified fault; inspect shape, bands and 1m/field data"
1316,1,1,1066.0,969.0,-118.8641,39.7521,316.2,"below 200-closed-px screen; NOT an identified fault; inspect shape, bands and 1m/field data"
1318,14,10,1069.21,974.07,-118.8581,39.7493,253.2,"below 200-closed-px screen; NOT an identified fault; inspect shape, bands and 1m/field data"
1319,15,9,1071.8,591.47,-119.3043,39.7389,141.4,"below 200-closed-px screen; NOT an identified fault; inspect shape, bands and 1m/field data"
1320,1,1,1070.0,660.0,-119.2245,39.7421,700.0,"below 200-closed-px screen; NOT an identified fault; inspect shape, bands and 1m/field data"
1321,7,6,1074.14,658.86,-119.2257,39.7383,651.6,"below 200-closed-px screen; NOT an identified fault; inspect shape, bands and 1m/field data"
1322,1,1,1073.0,669.0,-119.2139,39.7396,200.0,"below 200-closed-px screen; NOT an identified fault; inspect shape, bands and 1m/field data"
1323,167,89,1086.66,619.53,-119.2712,39.7262,141.4,"below 200-closed-px screen; NOT an identified fault; inspect shape, bands and 1m/field data"
1324,1,1,1074.0,980.0,-118.8511,39.7451,721.1,"below 200-closed-px screen; NOT an identified fault; inspect shape, bands and 1m/field data"
1325,3,3,1077.0,978.67,-118.8526,39.7423,922.0,"below 200-closed-px screen; NOT an identified fault; inspect shape, bands and 1m/field data"
1326,1,1,1078.0,1581.0,-118.1498,39.7505,1414.2,"below 200-closed-px screen; NOT an identified fault; inspect shape, bands and 1m/field data"
1329,3,3,1080.0,1293.0,-118.4858,39.7449,141.4,"below 200-closed-px screen; NOT an identified fault; inspect shape, bands and 1m/field data"
1330,4,4,1082.5,972.0,-118.8602,39.7373,1059.9,"below 200-closed-px screen; NOT an identified fault; inspect shape, bands and 1m/field data"
1331,1,1,1085.0,517.0,-119.3907,39.7253,223.6,"below 200-closed-px screen; NOT an identified fault; inspect shape, bands and 1m/field data"
1332,1,1,1085.0,970.0,-118.8625,39.735,1303.8,"below 200-closed-px screen; NOT an identified fault; inspect shape, bands and 1m/field data"
1333,1,1,1089.0,582.0,-119.3148,39.7232,943.4,"below 200-closed-px screen; NOT an identified fault; inspect shape, bands and 1m/field data"
1334,1,1,1091.0,637.0,-119.2507,39.7227,905.5,"below 200-closed-px screen; NOT an identified fault; inspect shape, bands and 1m/field data"
1335,1,1,1092.0,1576.0,-118.1554,39.7379,100.0,"below 200-closed-px screen; NOT an identified fault; inspect shape, bands and 1m/field data"
1336,2,2,1094.0,515.5,-119.3922,39.7171,1129.1,"below 200-closed-px screen; NOT an identified fault; inspect shape, bands and 1m/field data"
1337,1,1,1094.0,650.0,-119.2354,39.7203,854.4,"below 200-closed-px screen; NOT an identified fault; inspect shape, bands and 1m/field data"
1338,1,1,1098.0,358.0,-119.5757,39.7096,447.2,"below 200-closed-px screen; NOT an identified fault; inspect shape, bands and 1m/field data"
1339,1,1,1098.0,649.0,-119.2365,39.7166,565.7,"below 200-closed-px screen; NOT an identified fault; inspect shape, bands and 1m/field data"
1340,5,5,1100.2,812.2,-119.0461,39.7182,3649.7,"below 200-closed-px screen; NOT an identified fault; inspect shape, bands and 1m/field data"
1342,8,4,1110.62,832.62,-119.022,39.7092,1644.4,"below 200-closed-px screen; NOT an identified fault; inspect shape, bands and 1m/field data"
1343,3,3,1111.0,596.0,-119.2979,39.7037,1204.2,"below 200-closed-px screen; NOT an identified fault; inspect shape, bands and 1m/field data"
1344,1,1,1110.0,804.0,-119.0554,39.7092,3733.6,"below 200-closed-px screen; NOT an identified fault; inspect shape, bands and 1m/field data"
1345,1,1,1113.0,819.0,-119.0379,39.7068,2961.4,"below 200-closed-px screen; NOT an identified fault; inspect shape, bands and 1m/field data"
1346,1,1,1117.0,811.0,-119.0471,39.703,3231.1,"below 200-closed-px screen; NOT an identified fault; inspect shape, bands and 1m/field data"
1347,17,12,1120.94,371.18,-119.5595,39.6893,170.7,"below 200-closed-px screen; NOT an identified fault; inspect shape, bands and 1m/field data"
1348,1,1,1120.0,605.0,-119.2871,39.6958,984.9,"below 200-closed-px screen; NOT an identified fault; inspect shape, bands and 1m/field data"
1350,1,1,1124.0,341.0,-119.5946,39.6858,100.0,"below 200-closed-px screen; NOT an identified fault; inspect shape, bands and 1m/field data"
1351,3,2,1125.67,280.33,-119.6652,39.6827,418.3,"below 200-closed-px screen; NOT an identified fault; inspect shape, bands and 1m/field data"
1352,1,1,1125.0,676.0,-119.2042,39.6929,200.0,"below 200-closed-px screen; NOT an identified fault; inspect shape, bands and 1m/field data"
1353,1,1,1127.0,595.0,-119.2986,39.6893,100.0,"below 200-closed-px screen; NOT an identified fault; inspect shape, bands and 1m/field data"
1354,6,5,1129.17,368.67,-119.5622,39.6818,500.0,"below 200-closed-px screen; NOT an identified fault; inspect shape, bands and 1m/field data"
1355,30,16,1132.93,597.3,-119.2957,39.684,100.0,"below 200-closed-px screen; NOT an identified fault; inspect shape, bands and 1m/field data"
1356,30,22,1134.97,273.63,-119.6727,39.6741,406.2,"below 200-closed-px screen; NOT an identified fault; inspect shape, bands and 1m/field data"
1357,10,9,1133.3,538.3,-119.3644,39.6823,360.6,"below 200-closed-px screen; NOT an identified fault; inspect shape, bands and 1m/field data"
1358,2,2,1130.5,586.5,-119.3084,39.686,519.3,"below 200-closed-px screen; NOT an identified fault; inspect shape, bands and 1m/field data"
1359,4,4,1133.0,829.5,-119.0251,39.689,1163.2,"below 200-closed-px screen; NOT an identified fault; inspect shape, bands and 1m/field data"
1360,8,6,1137.12,370.38,-119.5599,39.6747,100.0,"below 200-closed-px screen; NOT an identified fault; inspect shape, bands and 1m/field data"
1361,39,23,1142.03,834.38,-119.0192,39.681,282.8,"below 200-closed-px screen; NOT an identified fault; inspect shape, bands and 1m/field data"
1362,1,1,1137.0,288.0,-119.6559,39.6727,900.0,"below 200-closed-px screen; NOT an identified fault; inspect shape, bands and 1m/field data"
1364,1,1,1142.0,796.0,-119.0639,39.6802,583.1,"below 200-closed-px screen; NOT an identified fault; inspect shape, bands and 1m/field data"
1365,146,104,1153.21,1445.03,-118.3072,39.6811,803.1,"below 200-closed-px screen; NOT an identified fault; inspect shape, bands and 1m/field data"
1366,2,2,1145.5,793.5,-119.0667,39.677,573.4,"below 200-closed-px screen; NOT an identified fault; inspect shape, bands and 1m/field data"
1367,1,1,1146.0,268.0,-119.6789,39.664,100.0,"below 200-closed-px screen; NOT an identified fault; inspect shape, bands and 1m/field data"
1368,6,3,1150.5,528.0,-119.3759,39.6666,360.6,"below 200-closed-px screen; NOT an identified fault; inspect shape, bands and 1m/field data"
1369,72,43,1154.17,791.1,-119.0693,39.6691,900.0,"below 200-closed-px screen; NOT an identified fault; inspect shape, bands and 1m/field data"
1370,32,23,1154.03,278.59,-119.6663,39.6571,223.6,"below 200-closed-px screen; NOT an identified fault; inspect shape, bands and 1m/field data"
1371,5,4,1154.2,515.2,-119.3907,39.6629,714.1,"below 200-closed-px screen; NOT an identified fault; inspect shape, bands and 1m/field data"
1372,1,1,1154.0,804.0,-119.0543,39.6696,500.0,"below 200-closed-px screen; NOT an identified fault; inspect shape, bands and 1m/field data"
1374,1,1,1155.0,524.0,-119.3804,39.6624,141.4,"below 200-closed-px screen; NOT an identified fault; inspect shape, bands and 1m/field data"
1375,1,1,1158.0,312.0,-119.6272,39.6544,1029.6,"below 200-closed-px screen; NOT an identified fault; inspect shape, bands and 1m/field data"
1376,1,1,1158.0,520.0,-119.385,39.6596,360.6,"below 200-closed-px screen; NOT an identified fault; inspect shape, bands and 1m/field data"
1378,45,39,1169.93,333.16,-119.6022,39.6442,200.0,"below 200-closed-px screen; NOT an identified fault; inspect shape, bands and 1m/field data"
1379,17,14,1164.82,501.35,-119.4065,39.653,380.3,"below 200-closed-px screen; NOT an identified fault; inspect shape, bands and 1m/field data"
1380,1,1,1162.0,516.0,-119.3895,39.6559,538.5,"below 200-closed-px screen; NOT an identified fault; inspect shape, bands and 1m/field data"
1381,6,6,1166.17,785.33,-119.0757,39.6582,1300.0,"below 200-closed-px screen; NOT an identified fault; inspect shape, bands and 1m/field data"
1382,1,1,1171.0,281.0,-119.6629,39.6419,1526.4,"below 200-closed-px screen; NOT an identified fault; inspect shape, bands and 1m/field data"
1383,1,1,1172.0,491.0,-119.4183,39.6463,412.3,"below 200-closed-px screen; NOT an identified fault; inspect shape, bands and 1m/field data"
1384,1,1,1172.0,1723.0,-117.9828,39.6674,8477.0,"below 200-closed-px screen; NOT an identified fault; inspect shape, bands and 1m/field data"
1385,2,2,1173.0,503.5,-119.4037,39.6457,120.7,"below 200-closed-px screen; NOT an identified fault; inspect shape, bands and 1m/field data"
1386,5,5,1173.8,1718.2,-117.9884,39.6657,8149.2,"below 200-closed-px screen; NOT an identified fault; inspect shape, bands and 1m/field data"
1387,47,23,1182.0,315.53,-119.6223,39.6329,360.6,"below 200-closed-px screen; NOT an identified fault; inspect shape, bands and 1m/field data"
1388,1,1,1174.0,1308.0,-118.4665,39.6605,316.2,"below 200-closed-px screen; NOT an identified fault; inspect shape, bands and 1m/field data"
1389,1,1,1175.0,1446.0,-118.3056,39.6615,100.0,"below 200-closed-px screen; NOT an identified fault; inspect shape, bands and 1m/field data"
1390,1,1,1177.0,297.0,-119.644,39.6369,1992.5,"below 200-closed-px screen; NOT an identified fault; inspect shape, bands and 1m/field data"
1391,1,1,1178.0,482.0,-119.4286,39.6407,565.7,"below 200-closed-px screen; NOT an identified fault; inspect shape, bands and 1m/field data"
1392,1,1,1178.0,1713.0,-117.9944,39.6619,7648.5,"below 200-closed-px screen; NOT an identified fault; inspect shape, bands and 1m/field data"
1393,5,5,1181.0,1444.4,-118.3074,39.656,316.2,"below 200-closed-px screen; NOT an identified fault; inspect shape, bands and 1m/field data"
1394,1,1,1185.0,1442.0,-118.3101,39.6524,100.0,"below 200-closed-px screen; NOT an identified fault; inspect shape, bands and 1m/field data"
1395,7,4,1189.14,284.43,-119.6583,39.6256,654.1,"below 200-closed-px screen; NOT an identified fault; inspect shape, bands and 1m/field data"
1396,3,3,1188.0,1435.0,-118.3182,39.6496,538.5,"below 200-closed-px screen; NOT an identified fault; inspect shape, bands and 1m/field data"
1397,3,3,1191.0,309.67,-119.6288,39.6246,360.6,"below 200-closed-px screen; NOT an identified fault; inspect shape, bands and 1m/field data"
1398,10,10,1193.8,784.0,-119.0765,39.6333,1315.3,"below 200-closed-px screen; NOT an identified fault; inspect shape, bands and 1m/field data"
1399,35,24,1195.63,495.97,-119.4118,39.6252,282.8,"below 200-closed-px screen; NOT an identified fault; inspect shape, bands and 1m/field data"
1401,1,1,1193.0,296.0,-119.6447,39.6225,1118.0,"below 200-closed-px screen; NOT an identified fault; inspect shape, bands and 1m/field data"
1402,29,22,1201.52,851.59,-118.9976,39.6277,2657.1,"below 200-closed-px screen; NOT an identified fault; inspect shape, bands and 1m/field data"
1403,1,1,1194.0,299.0,-119.6411,39.6217,848.5,"below 200-closed-px screen; NOT an identified fault; inspect shape, bands and 1m/field data"
1405,4,2,1198.5,1448.0,-118.3029,39.6403,1070.1,"below 200-closed-px screen; NOT an identified fault; inspect shape, bands and 1m/field data"
1406,1,1,1199.0,290.0,-119.6514,39.6169,400.0,"below 200-closed-px screen; NOT an identified fault; inspect shape, bands and 1m/field data"
1407,1,1,1201.0,609.0,-119.28,39.623,282.8,"below 200-closed-px screen; NOT an identified fault; inspect shape, bands and 1m/field data"
1408,2,2,1204.5,626.5,-119.2596,39.6203,668.1,"below 200-closed-px screen; NOT an identified fault; inspect shape, bands and 1m/field data"
1409,1,1,1208.0,821.0,-119.033,39.6213,100.0,"below 200-closed-px screen; NOT an identified fault; inspect shape, bands and 1m/field data"
1410,1,1,1210.0,817.0,-119.0376,39.6194,223.6,"below 200-closed-px screen; NOT an identified fault; inspect shape, bands and 1m/field data"
1411,2,2,1210.5,1435.5,-118.3173,39.6294,423.6,"below 200-closed-px screen; NOT an identified fault; inspect shape, bands and 1m/field data"
1412,1,1,1210.0,1708.0,-117.9998,39.633,4414.7,"below 200-closed-px screen; NOT an identified fault; inspect shape, bands and 1m/field data"
1413,19,19,1215.42,1700.74,-118.0082,39.628,3712.1,"below 200-closed-px screen; NOT an identified fault; inspect shape, bands and 1m/field data"
1414,2,2,1212.5,513.0,-119.3914,39.6104,1792.5,"below 200-closed-px screen; NOT an identified fault; inspect shape, bands and 1m/field data"
1415,5,5,1214.6,1432.8,-118.3204,39.6256,316.2,"below 200-closed-px screen; NOT an identified fault; inspect shape, bands and 1m/field data"
1416,30,14,1217.5,456.73,-119.4568,39.6045,170.7,"below 200-closed-px screen; NOT an identified fault; inspect shape, bands and 1m/field data"
1417,6,5,1214.17,520.67,-119.3825,39.6091,1486.6,"below 200-closed-px screen; NOT an identified fault; inspect shape, bands and 1m/field data"
1418,92,58,1220.73,503.01,-119.4028,39.6028,2120.1,"below 200-closed-px screen; NOT an identified fault; inspect shape, bands and 1m/field data"
1419,1,1,1217.0,847.0,-119.0025,39.6137,2729.5,"below 200-closed-px screen; NOT an identified fault; inspect shape, bands and 1m/field data"
1420,1,1,1218.0,449.0,-119.4658,39.6039,223.6,"below 200-closed-px screen; NOT an identified fault; inspect shape, bands and 1m/field data"
1421,1,1,1219.0,845.0,-119.0048,39.6119,2607.7,"below 200-closed-px screen; NOT an identified fault; inspect shape, bands and 1m/field data"
1422,11,11,1221.82,1689.09,-118.0217,39.6221,3257.3,"below 200-closed-px screen; NOT an identified fault; inspect shape, bands and 1m/field data"
1423,2,2,1221.5,439.5,-119.4767,39.6005,424.3,"below 200-closed-px screen; NOT an identified fault; inspect shape, bands and 1m/field data"
1424,1,1,1223.0,1697.0,-118.0125,39.6212,3001.7,"below 200-closed-px screen; NOT an identified fault; inspect shape, bands and 1m/field data"
1425,24,13,1229.25,435.88,-119.4807,39.5934,100.0,"below 200-closed-px screen; NOT an identified fault; inspect shape, bands and 1m/field data"
1426,1,1,1226.0,488.0,-119.4201,39.5976,1523.2,"below 200-closed-px screen; NOT an identified fault; inspect shape, bands and 1m/field data"
1427,2,2,1227.0,547.5,-119.3509,39.5982,1026.5,"below 200-closed-px screen; NOT an identified fault; inspect shape, bands and 1m/field data"
1428,22,19,1232.0,418.5,-119.5008,39.5905,100.0,"below 200-closed-px screen; NOT an identified fault; inspect shape, bands and 1m/field data"
1429,1,1,1230.0,427.0,-119.491,39.5925,100.0,"below 200-closed-px screen; NOT an identified fault; inspect shape, bands and 1m/field data"
1430,3,3,1231.0,1694.0,-118.0159,39.6139,2236.1,"below 200-closed-px screen; NOT an identified fault; inspect shape, bands and 1m/field data"
1431,1,1,1232.0,534.0,-119.3664,39.5934,700.0,"below 200-closed-px screen; NOT an identified fault; inspect shape, bands and 1m/field data"
1432,2,2,1233.0,826.5,-119.026,39.5989,1309.1,"below 200-closed-px screen; NOT an identified fault; inspect shape, bands and 1m/field data"
1433,43,25,1239.91,1021.16,-118.7992,39.5964,100.0,"below 200-closed-px screen; NOT an identified fault; inspect shape, bands and 1m/field data"
1434,1,1,1237.0,1418.0,-118.3372,39.6053,223.6,"below 200-closed-px screen; NOT an identified fault; inspect shape, bands and 1m/field data"
1435,1,1,1237.0,1697.0,-118.0123,39.6085,1603.1,"below 200-closed-px screen; NOT an identified fault; inspect shape, bands and 1m/field data"
1436,1,1,1238.0,1695.0,-118.0146,39.6076,1529.7,"below 200-closed-px screen; NOT an identified fault; inspect shape, bands and 1m/field data"
1437,6,5,1240.0,489.33,-119.4181,39.5851,500.0,"below 200-closed-px screen; NOT an identified fault; inspect shape, bands and 1m/field data"
1438,15,15,1242.33,499.67,-119.406,39.5832,200.0,"below 200-closed-px screen; NOT an identified fault; inspect shape, bands and 1m/field data"
1439,3,3,1240.0,553.0,-119.3441,39.5866,141.4,"below 200-closed-px screen; NOT an identified fault; inspect shape, bands and 1m/field data"
1440,4,4,1241.0,558.5,-119.3376,39.5858,100.0,"below 200-closed-px screen; NOT an identified fault; inspect shape, bands and 1m/field data"
1441,14,7,1244.93,1274.5,-118.5042,39.5961,100.0,"below 200-closed-px screen; NOT an identified fault; inspect shape, bands and 1m/field data"
1442,13,9,1245.85,604.38,-119.2841,39.5825,2193.2,"below 200-closed-px screen; NOT an identified fault; inspect shape, bands and 1m/field data"
1443,7,5,1246.57,509.29,-119.3947,39.5796,447.2,"below 200-closed-px screen; NOT an identified fault; inspect shape, bands and 1m/field data"
1444,1,1,1246.0,554.0,-119.3427,39.5812,447.2,"below 200-closed-px screen; NOT an identified fault; inspect shape, bands and 1m/field data"
1445,120,70,1253.46,536.77,-119.3625,39.5741,141.4,"below 200-closed-px screen; NOT an identified fault; inspect shape, bands and 1m/field data"
1446,1,1,1249.0,507.0,-119.3973,39.5774,141.4,"below 200-closed-px screen; NOT an identified fault; inspect shape, bands and 1m/field data"
1447,1,1,1252.0,289.0,-119.6508,39.5692,316.2,"below 200-closed-px screen; NOT an identified fault; inspect shape, bands and 1m/field data"
1448,2,2,1252.5,294.5,-119.6444,39.5689,100.0,"below 200-closed-px screen; NOT an identified fault; inspect shape, bands and 1m/field data"
1449,2,2,1252.5,1696.0,-118.0132,39.5946,211.8,"below 200-closed-px screen; NOT an identified fault; inspect shape, bands and 1m/field data"
1450,6,6,1253.33,1299.5,-118.4749,39.5889,607.8,"below 200-closed-px screen; NOT an identified fault; inspect shape, bands and 1m/field data"
1451,1,1,1254.0,305.0,-119.6321,39.5678,100.0,"below 200-closed-px screen; NOT an identified fault; inspect shape, bands and 1m/field data"
1452,1,1,1255.0,1275.0,-118.5034,39.587,282.8,"below 200-closed-px screen; NOT an identified fault; inspect shape, bands and 1m/field data"
1453,116,49,1267.18,631.16,-119.2523,39.5639,100.0,"below 200-closed-px screen; NOT an identified fault; inspect shape, bands and 1m/field data"
1454,135,97,1277.43,1700.99,-118.0071,39.5722,200.0,"below 200-closed-px screen; NOT an identified fault; inspect shape, bands and 1m/field data"
1455,171,85,1268.84,1302.4,-118.4712,39.5749,100.0,"below 200-closed-px screen; NOT an identified fault; inspect shape, bands and 1m/field data"
1456,1,1,1260.0,277.0,-119.6645,39.5617,100.0,"below 200-closed-px screen; NOT an identified fault; inspect shape, bands and 1m/field data"
1457,1,1,1263.0,1068.0,-118.7441,39.5764,100.0,"below 200-closed-px screen; NOT an identified fault; inspect shape, bands and 1m/field data"
1458,1,1,1265.0,1419.0,-118.3356,39.58,1749.3,"below 200-closed-px screen; NOT an identified fault; inspect shape, bands and 1m/field data"
1459,6,6,1266.83,1065.0,-118.7476,39.5729,200.0,"below 200-closed-px screen; NOT an identified fault; inspect shape, bands and 1m/field data"
1460,1,1,1270.0,1284.0,-118.4926,39.5736,223.6,"below 200-closed-px screen; NOT an identified fault; inspect shape, bands and 1m/field data"
1461,3,2,1280.33,635.33,-119.2471,39.5522,161.8,"below 200-closed-px screen; NOT an identified fault; inspect shape, bands and 1m/field data"
1462,31,20,1283.58,1290.81,-118.4844,39.5615,573.4,"below 200-closed-px screen; NOT an identified fault; inspect shape, bands and 1m/field data"
1463,6,4,1288.17,1077.83,-118.7321,39.5539,182.5,"below 200-closed-px screen; NOT an identified fault; inspect shape, bands and 1m/field data"
1464,28,19,1293.79,633.89,-119.2484,39.54,200.0,"below 200-closed-px screen; NOT an identified fault; inspect shape, bands and 1m/field data"
1465,22,13,1292.36,1283.77,-118.4924,39.5535,1220.7,"below 200-closed-px screen; NOT an identified fault; inspect shape, bands and 1m/field data"
1466,3,2,1293.0,482.0,-119.425,39.5372,3203.0,"below 200-closed-px screen; NOT an identified fault; inspect shape, bands and 1m/field data"
1467,1,1,1292.0,1380.0,-118.3805,39.5552,1523.2,"below 200-closed-px screen; NOT an identified fault; inspect shape, bands and 1m/field data"
1468,15,11,1295.93,808.8,-119.0449,39.5419,632.5,"below 200-closed-px screen; NOT an identified fault; inspect shape, bands and 1m/field data"
1469,1,1,1294.0,1378.0,-118.3828,39.5534,1431.8,"below 200-closed-px screen; NOT an identified fault; inspect shape, bands and 1m/field data"
1470,2,2,1296.5,658.0,-119.2203,39.5381,1320.8,"below 200-closed-px screen; NOT an identified fault; inspect shape, bands and 1m/field data"
1471,1,1,1297.0,725.0,-119.1423,39.5391,300.0,"below 200-closed-px screen; NOT an identified fault; inspect shape, bands and 1m/field data"
1473,8,8,1301.75,1381.62,-118.3784,39.5464,2167.8,"below 200-closed-px screen; NOT an identified fault; inspect shape, bands and 1m/field data"
1474,35,27,1308.57,848.06,-118.9989,39.5313,300.0,"below 200-closed-px screen; NOT an identified fault; inspect shape, bands and 1m/field data"
1475,2,2,1303.5,306.5,-119.6287,39.5233,1276.7,"below 200-closed-px screen; NOT an identified fault; inspect shape, bands and 1m/field data"
1476,2,2,1303.5,624.0,-119.2596,39.5311,100.0,"below 200-closed-px screen; NOT an identified fault; inspect shape, bands and 1m/field data"
1477,36,22,1307.89,644.28,-119.2359,39.5276,685.4,"below 200-closed-px screen; NOT an identified fault; inspect shape, bands and 1m/field data"
1478,1,1,1305.0,1556.0,-118.1755,39.5457,2147.1,"below 200-closed-px screen; NOT an identified fault; inspect shape, bands and 1m/field data"
1479,62,32,1309.69,864.16,-118.9802,39.5306,141.4,"below 200-closed-px screen; NOT an identified fault; inspect shape, bands and 1m/field data"
1480,3,2,1306.0,1553.0,-118.1789,39.5448,1933.6,"below 200-closed-px screen; NOT an identified fault; inspect shape, bands and 1m/field data"
1481,119,61,1315.4,310.89,-119.6232,39.5127,282.8,"below 200-closed-px screen; NOT an identified fault; inspect shape, bands and 1m/field data"
1482,1,1,1310.0,631.0,-119.2513,39.5254,300.0,"below 200-closed-px screen; NOT an identified fault; inspect shape, bands and 1m/field data"
1483,18,12,1314.5,1690.78,-118.0185,39.5387,707.1,"below 200-closed-px screen; NOT an identified fault; inspect shape, bands and 1m/field data"
1485,1,1,1316.0,612.0,-119.2732,39.5195,200.0,"below 200-closed-px screen; NOT an identified fault; inspect shape, bands and 1m/field data"
1486,2,2,1316.5,845.5,-119.0017,39.5241,100.0,"below 200-closed-px screen; NOT an identified fault; inspect shape, bands and 1m/field data"
1487,2,2,1317.0,1676.5,-118.0351,39.5363,269.9,"below 200-closed-px screen; NOT an identified fault; inspect shape, bands and 1m/field data"
1488,1,1,1318.0,521.0,-119.3789,39.5156,100.0,"below 200-closed-px screen; NOT an identified fault; inspect shape, bands and 1m/field data"
1489,8,4,1321.38,526.88,-119.372,39.5127,573.4,"below 200-closed-px screen; NOT an identified fault; inspect shape, bands and 1m/field data"
1490,1,1,1318.0,833.0,-119.0162,39.5225,509.9,"below 200-closed-px screen; NOT an identified fault; inspect shape, bands and 1m/field data"
1491,1,1,1319.0,738.0,-119.1266,39.5196,223.6,"below 200-closed-px screen; NOT an identified fault; inspect shape, bands and 1m/field data"
1492,1,1,1319.0,1542.0,-118.1915,39.533,640.3,"below 200-closed-px screen; NOT an identified fault; inspect shape, bands and 1m/field data"
1493,1,1,1319.0,1681.0,-118.0298,39.5345,200.0,"below 200-closed-px screen; NOT an identified fault; inspect shape, bands and 1m/field data"
1494,10,5,1320.9,615.8,-119.2686,39.5152,300.0,"below 200-closed-px screen; NOT an identified fault; inspect shape, bands and 1m/field data"
1495,20,9,1322.6,732.75,-119.1326,39.5163,100.0,"below 200-closed-px screen; NOT an identified fault; inspect shape, bands and 1m/field data"
1496,1,1,1320.0,828.0,-119.0219,39.5206,400.0,"below 200-closed-px screen; NOT an identified fault; inspect shape, bands and 1m/field data"
1497,2,2,1321.0,645.5,-119.2341,39.5158,120.7,"below 200-closed-px screen; NOT an identified fault; inspect shape, bands and 1m/field data"
1498,2,2,1321.5,842.5,-119.005,39.5195,100.0,"below 200-closed-px screen; NOT an identified fault; inspect shape, bands and 1m/field data"
1499,22,22,1325.68,1687.05,-118.0227,39.5285,223.6,"below 200-closed-px screen; NOT an identified fault; inspect shape, bands and 1m/field data"
1500,1,1,1324.0,839.0,-119.009,39.5172,100.0,"below 200-closed-px screen; NOT an identified fault; inspect shape, bands and 1m/field data"
1501,7,6,1324.29,1677.14,-118.0342,39.5297,150.0,"below 200-closed-px screen; NOT an identified fault; inspect shape, bands and 1m/field data"
1502,1,1,1326.0,835.0,-119.0136,39.5153,100.0,"below 200-closed-px screen; NOT an identified fault; inspect shape, bands and 1m/field data"
1503,1,1,1326.0,868.0,-118.9753,39.516,360.6,"below 200-closed-px screen; NOT an identified fault; inspect shape, bands and 1m/field data"
1504,4,4,1327.25,742.0,-119.1217,39.5123,386.4,"below 200-closed-px screen; NOT an identified fault; inspect shape, bands and 1m/field data"
1505,1,1,1328.0,585.0,-119.3042,39.5081,360.6,"below 200-closed-px screen; NOT an identified fault; inspect shape, bands and 1m/field data"
1506,1,1,1328.0,1670.0,-118.0425,39.5263,360.6,"below 200-closed-px screen; NOT an identified fault; inspect shape, bands and 1m/field data"
1507,2,2,1330.5,601.0,-119.2855,39.5062,100.0,"below 200-closed-px screen; NOT an identified fault; inspect shape, bands and 1m/field data"
1508,171,62,1338.04,618.98,-119.2644,39.4999,200.0,"below 200-closed-px screen; NOT an identified fault; inspect shape, bands and 1m/field data"
1509,1,1,1333.0,307.0,-119.6271,39.4968,424.3,"below 200-closed-px screen; NOT an identified fault; inspect shape, bands and 1m/field data"
1510,1,1,1334.0,1682.0,-118.0285,39.521,223.6,"below 200-closed-px screen; NOT an identified fault; inspect shape, bands and 1m/field data"
1511,11,11,1337.64,854.18,-118.991,39.5052,141.4,"below 200-closed-px screen; NOT an identified fault; inspect shape, bands and 1m/field data"
1512,33,20,1341.7,1728.76,-117.974,39.5145,100.0,"below 200-closed-px screen; NOT an identified fault; inspect shape, bands and 1m/field data"
1513,15,11,1342.07,661.53,-119.2148,39.4972,721.1,"below 200-closed-px screen; NOT an identified fault; inspect shape, bands and 1m/field data"
1514,1,1,1342.0,640.0,-119.2399,39.4968,360.6,"below 200-closed-px screen; NOT an identified fault; inspect shape, bands and 1m/field data"
1515,1,1,1346.0,858.0,-118.9864,39.4978,500.0,"below 200-closed-px screen; NOT an identified fault; inspect shape, bands and 1m/field data"
1516,87,38,1352.05,554.17,-119.3393,39.4857,100.0,"below 200-closed-px screen; NOT an identified fault; inspect shape, bands and 1m/field data"
1517,23,14,1354.74,1629.22,-118.0896,39.5018,478.6,"below 200-closed-px screen; NOT an identified fault; inspect shape, bands and 1m/field data"
1518,21,15,1353.95,671.48,-119.2029,39.4867,100.0,"below 200-closed-px screen; NOT an identified fault; inspect shape, bands and 1m/field data"
1519,99,65,1358.75,657.87,-119.2186,39.4821,141.4,"below 200-closed-px screen; NOT an identified fault; inspect shape, bands and 1m/field data"
1520,3,3,1353.33,818.0,-119.0327,39.4904,100.0,"below 200-closed-px screen; NOT an identified fault; inspect shape, bands and 1m/field data"
1521,3,3,1355.0,1333.33,-118.4336,39.4978,100.0,"below 200-closed-px screen; NOT an identified fault; inspect shape, bands and 1m/field data"
1522,1,1,1355.0,544.0,-119.351,39.4829,200.0,"below 200-closed-px screen; NOT an identified fault; inspect shape, bands and 1m/field data"
1523,1,1,1357.0,1302.0,-118.47,39.4955,1403.6,"below 200-closed-px screen; NOT an identified fault; inspect shape, bands and 1m/field data"
1524,3,2,1358.0,813.0,-119.0384,39.4861,100.0,"below 200-closed-px screen; NOT an identified fault; inspect shape, bands and 1m/field data"
1525,6,4,1360.0,1270.5,-118.5066,39.4924,100.0,"below 200-closed-px screen; NOT an identified fault; inspect shape, bands and 1m/field data"
1526,1,1,1359.0,715.0,-119.1522,39.4831,200.0,"below 200-closed-px screen; NOT an identified fault; inspect shape, bands and 1m/field data"
1527,1,1,1359.0,1316.0,-118.4537,39.4939,100.0,"below 200-closed-px screen; NOT an identified fault; inspect shape, bands and 1m/field data"
1528,1,1,1359.0,1622.0,-118.0979,39.4978,922.0,"below 200-closed-px screen; NOT an identified fault; inspect shape, bands and 1m/field data"
1530,4,3,1362.0,808.75,-119.0432,39.4824,100.0,"below 200-closed-px screen; NOT an identified fault; inspect shape, bands and 1m/field data"
1531,33,23,1370.94,1729.7,-117.9725,39.4882,100.0,"below 200-closed-px screen; NOT an identified fault; inspect shape, bands and 1m/field data"
1532,1,1,1362.0,718.0,-119.1487,39.4805,100.0,"below 200-closed-px screen; NOT an identified fault; inspect shape, bands and 1m/field data"
1533,1,1,1362.0,725.0,-119.1405,39.4806,100.0,"below 200-closed-px screen; NOT an identified fault; inspect shape, bands and 1m/field data"
1534,15,14,1365.93,784.6,-119.0712,39.4783,995.0,"below 200-closed-px screen; NOT an identified fault; inspect shape, bands and 1m/field data"
1535,2,2,1362.5,1318.0,-118.4513,39.4908,100.0,"below 200-closed-px screen; NOT an identified fault; inspect shape, bands and 1m/field data"
1536,2,2,1362.5,1604.0,-118.1188,39.4945,2620.0,"below 200-closed-px screen; NOT an identified fault; inspect shape, bands and 1m/field data"
1537,6,6,1366.5,1517.67,-118.2191,39.4899,1026.5,"below 200-closed-px screen; NOT an identified fault; inspect shape, bands and 1m/field data"
1538,57,33,1370.68,1625.82,-118.0933,39.4874,1208.3,"below 200-closed-px screen; NOT an identified fault; inspect shape, bands and 1m/field data"
1540,12,7,1368.92,450.25,-119.4595,39.4681,600.0,"below 200-closed-px screen; NOT an identified fault; inspect shape, bands and 1m/field data"
1541,1,1,1370.0,836.0,-119.0113,39.4757,2193.2,"below 200-closed-px screen; NOT an identified fault; inspect shape, bands and 1m/field data"
1542,1,1,1370.0,1512.0,-118.2256,39.4867,1702.9,"below 200-closed-px screen; NOT an identified fault; inspect shape, bands and 1m/field data"
1543,3,3,1372.33,775.0,-119.0822,39.4724,1711.7,"below 200-closed-px screen; NOT an identified fault; inspect shape, bands and 1m/field data"
1544,8,7,1375.5,1269.25,-118.5077,39.4784,100.0,"below 200-closed-px screen; NOT an identified fault; inspect shape, bands and 1m/field data"
1545,20,14,1376.4,1296.8,-118.4757,39.478,1050.0,"below 200-closed-px screen; NOT an identified fault; inspect shape, bands and 1m/field data"
1546,4,3,1375.5,718.25,-119.148,39.4683,223.6,"below 200-closed-px screen; NOT an identified fault; inspect shape, bands and 1m/field data"
1547,1,1,1378.0,731.0,-119.1331,39.4663,100.0,"below 200-closed-px screen; NOT an identified fault; inspect shape, bands and 1m/field data"
1548,1,1,1378.0,1528.0,-118.2069,39.4796,223.6,"below 200-closed-px screen; NOT an identified fault; inspect shape, bands and 1m/field data"
1549,2,2,1379.5,733.0,-119.1308,39.465,250.0,"below 200-closed-px screen; NOT an identified fault; inspect shape, bands and 1m/field data"
1550,72,56,1390.68,1307.93,-118.4625,39.4653,200.0,"below 200-closed-px screen; NOT an identified fault; inspect shape, bands and 1m/field data"
1551,1,1,1382.0,737.0,-119.126,39.4629,500.0,"below 200-closed-px screen; NOT an identified fault; inspect shape, bands and 1m/field data"
1552,46,19,1389.43,1504.91,-118.2336,39.4691,2100.0,"below 200-closed-px screen; NOT an identified fault; inspect shape, bands and 1m/field data"
1553,6,4,1387.5,1578.0,-118.1486,39.4717,961.0,"below 200-closed-px screen; NOT an identified fault; inspect shape, bands and 1m/field data"
1554,112,84,1396.71,1730.22,-117.9716,39.465,200.0,"below 200-closed-px screen; NOT an identified fault; inspect shape, bands and 1m/field data"
1555,1,1,1386.0,1527.0,-118.2079,39.4724,100.0,"below 200-closed-px screen; NOT an identified fault; inspect shape, bands and 1m/field data"
1558,21,12,1391.24,666.67,-119.2075,39.453,223.6,"below 200-closed-px screen; NOT an identified fault; inspect shape, bands and 1m/field data"
1559,134,82,1397.61,698.58,-119.1702,39.448,1102.3,"below 200-closed-px screen; NOT an identified fault; inspect shape, bands and 1m/field data"
1560,2,2,1391.5,746.0,-119.1153,39.4545,269.9,"below 200-closed-px screen; NOT an identified fault; inspect shape, bands and 1m/field data"
1561,1,1,1393.0,1239.0,-118.5425,39.4622,707.1,"below 200-closed-px screen; NOT an identified fault; inspect shape, bands and 1m/field data"
1562,1,1,1395.0,1247.0,-118.5332,39.4605,100.0,"below 200-closed-px screen; NOT an identified fault; inspect shape, bands and 1m/field data"
1564,140,89,1416.54,1588.66,-118.1358,39.4456,583.1,"below 200-closed-px screen; NOT an identified fault; inspect shape, bands and 1m/field data"
1565,3,3,1403.0,578.0,-119.3101,39.4404,100.0,"below 200-closed-px screen; NOT an identified fault; inspect shape, bands and 1m/field data"
1566,6,5,1404.33,716.83,-119.1488,39.4423,583.1,"below 200-closed-px screen; NOT an identified fault; inspect shape, bands and 1m/field data"
1567,3,3,1404.67,621.67,-119.2593,39.4399,100.0,"below 200-closed-px screen; NOT an identified fault; inspect shape, bands and 1m/field data"
1568,1,1,1404.0,631.0,-119.2485,39.4407,100.0,"below 200-closed-px screen; NOT an identified fault; inspect shape, bands and 1m/field data"
1569,1,1,1405.0,603.0,-119.281,39.4392,360.6,"below 200-closed-px screen; NOT an identified fault; inspect shape, bands and 1m/field data"
1570,3,3,1406.33,632.33,-119.2469,39.4387,100.0,"below 200-closed-px screen; NOT an identified fault; inspect shape, bands and 1m/field data"
1572,1,1,1409.0,723.0,-119.1416,39.4382,781.0,"below 200-closed-px screen; NOT an identified fault; inspect shape, bands and 1m/field data"
1573,3,2,1411.0,304.0,-119.6279,39.4265,3688.4,"below 200-closed-px screen; NOT an identified fault; inspect shape, bands and 1m/field data"
1575,24,15,1415.29,1650.96,-118.0634,39.4474,1581.1,"below 200-closed-px screen; NOT an identified fault; inspect shape, bands and 1m/field data"
1576,1,1,1415.0,1533.0,-118.2005,39.4464,200.0,"below 200-closed-px screen; NOT an identified fault; inspect shape, bands and 1m/field data"
1577,1,1,1415.0,1721.0,-117.9821,39.4484,100.0,"below 200-closed-px screen; NOT an identified fault; inspect shape, bands and 1m/field data"
1579,1,1,1416.0,1601.0,-118.1215,39.4463,1746.4,"below 200-closed-px screen; NOT an identified fault; inspect shape, bands and 1m/field data"
1580,1,1,1416.0,1670.0,-118.0413,39.447,100.0,"below 200-closed-px screen; NOT an identified fault; inspect shape, bands and 1m/field data"
1581,1,1,1417.0,1241.0,-118.5397,39.4406,100.0,"below 200-closed-px screen; NOT an identified fault; inspect shape, bands and 1m/field data"
1582,17,15,1420.88,1765.35,-117.9305,39.4435,141.4,"below 200-closed-px screen; NOT an identified fault; inspect shape, bands and 1m/field data"
1583,42,28,1420.21,1179.9,-118.6106,39.4367,100.0,"below 200-closed-px screen; NOT an identified fault; inspect shape, bands and 1m/field data"
1584,1,1,1418.0,1647.0,-118.068,39.445,1552.4,"below 200-closed-px screen; NOT an identified fault; inspect shape, bands and 1m/field data"
1585,1,1,1419.0,1604.0,-118.118,39.4436,1476.5,"below 200-closed-px screen; NOT an identified fault; inspect shape, bands and 1m/field data"
1586,1,1,1419.0,1722.0,-117.9809,39.4448,100.0,"below 200-closed-px screen; NOT an identified fault; inspect shape, bands and 1m/field data"
1587,1,1,1420.0,639.0,-119.2388,39.4265,806.2,"below 200-closed-px screen; NOT an identified fault; inspect shape, bands and 1m/field data"
1588,87,69,1432.46,1728.49,-117.9731,39.4328,565.7,"below 200-closed-px screen; NOT an identified fault; inspect shape, bands and 1m/field data"
1589,1,1,1422.0,660.0,-119.2143,39.4252,1280.6,"below 200-closed-px screen; NOT an identified fault; inspect shape, bands and 1m/field data"
1590,2,2,1423.5,1664.5,-118.0476,39.4402,100.0,"below 200-closed-px screen; NOT an identified fault; inspect shape, bands and 1m/field data"
1591,1,1,1424.0,651.0,-119.2247,39.4232,1476.5,"below 200-closed-px screen; NOT an identified fault; inspect shape, bands and 1m/field data"
1592,8,5,1428.88,1352.38,-118.4101,39.4315,100.0,"below 200-closed-px screen; NOT an identified fault; inspect shape, bands and 1m/field data"
1593,2,2,1426.5,1581.5,-118.144,39.4366,170.7,"below 200-closed-px screen; NOT an identified fault; inspect shape, bands and 1m/field data"
1595,1,1,1428.0,1542.0,-118.1899,39.4348,223.6,"below 200-closed-px screen; NOT an identified fault; inspect shape, bands and 1m/field data"
1596,18,14,1431.89,1638.83,-118.0773,39.4324,1000.0,"below 200-closed-px screen; NOT an identified fault; inspect shape, bands and 1m/field data"
1598,1,1,1430.0,651.0,-119.2246,39.4178,943.4,"below 200-closed-px screen; NOT an identified fault; inspect shape, bands and 1m/field data"
1599,9,4,1432.56,648.22,-119.2277,39.4154,966.7,"below 200-closed-px screen; NOT an identified fault; inspect shape, bands and 1m/field data"
1600,4,4,1433.5,708.25,-119.158,39.4159,316.2,"below 200-closed-px screen; NOT an identified fault; inspect shape, bands and 1m/field data"
1601,1,1,1435.0,1596.0,-118.127,39.4291,824.6,"below 200-closed-px screen; NOT an identified fault; inspect shape, bands and 1m/field data"
1602,1,1,1436.0,792.0,-119.0607,39.4154,1969.8,"below 200-closed-px screen; NOT an identified fault; inspect shape, bands and 1m/field data"
1603,5,5,1438.0,712.0,-119.1535,39.4119,700.0,"below 200-closed-px screen; NOT an identified fault; inspect shape, bands and 1m/field data"
1604,22,10,1441.59,1481.73,-118.2597,39.4218,1524.8,"below 200-closed-px screen; NOT an identified fault; inspect shape, bands and 1m/field data"
1605,1,1,1437.0,1581.0,-118.1444,39.4271,608.3,"below 200-closed-px screen; NOT an identified fault; inspect shape, bands and 1m/field data"
1606,1,1,1440.0,590.0,-119.2951,39.4074,509.9,"below 200-closed-px screen; NOT an identified fault; inspect shape, bands and 1m/field data"
1608,1,1,1443.0,1233.0,-118.5485,39.417,1170.5,"below 200-closed-px screen; NOT an identified fault; inspect shape, bands and 1m/field data"
1609,40,26,1451.28,1578.62,-118.147,39.4142,790.5,"below 200-closed-px screen; NOT an identified fault; inspect shape, bands and 1m/field data"
1610,29,20,1447.1,657.52,-119.2165,39.4025,120.7,"below 200-closed-px screen; NOT an identified fault; inspect shape, bands and 1m/field data"
1611,1,1,1445.0,1232.0,-118.5496,39.4152,1216.6,"below 200-closed-px screen; NOT an identified fault; inspect shape, bands and 1m/field data"
1612,3,3,1446.0,1337.0,-118.4277,39.4159,100.0,"below 200-closed-px screen; NOT an identified fault; inspect shape, bands and 1m/field data"
1613,22,9,1451.32,1588.55,-118.1354,39.4143,360.6,"below 200-closed-px screen; NOT an identified fault; inspect shape, bands and 1m/field data"
1614,1,1,1445.0,1765.0,-117.9306,39.4218,100.0,"below 200-closed-px screen; NOT an identified fault; inspect shape, bands and 1m/field data"
1615,1,1,1446.0,700.0,-119.1672,39.4044,1400.0,"below 200-closed-px screen; NOT an identified fault; inspect shape, bands and 1m/field data"
1616,25,16,1450.2,531.76,-119.3624,39.3969,435.7,"below 200-closed-px screen; NOT an identified fault; inspect shape, bands and 1m/field data"
1617,1,1,1449.0,1478.0,-118.2639,39.4151,1005.0,"below 200-closed-px screen; NOT an identified fault; inspect shape, bands and 1m/field data"
1618,3,2,1450.0,717.0,-119.1474,39.4012,1144.3,"below 200-closed-px screen; NOT an identified fault; inspect shape, bands and 1m/field data"
1619,6,5,1451.67,1734.17,-117.9663,39.4155,100.0,"below 200-closed-px screen; NOT an identified fault; inspect shape, bands and 1m/field data"
1620,9,9,1453.22,347.22,-119.5764,39.3896,1526.4,"below 200-closed-px screen; NOT an identified fault; inspect shape, bands and 1m/field data"
1621,1,1,1452.0,1230.0,-118.5518,39.4089,1456.0,"below 200-closed-px screen; NOT an identified fault; inspect shape, bands and 1m/field data"
1622,1,1,1452.0,1765.0,-117.9305,39.4155,300.0,"below 200-closed-px screen; NOT an identified fault; inspect shape, bands and 1m/field data"
1623,1,1,1453.0,989.0,-118.8316,39.4039,141.4,"below 200-closed-px screen; NOT an identified fault; inspect shape, bands and 1m/field data"
1624,13,8,1458.23,1331.46,-118.4339,39.4048,100.0,"below 200-closed-px screen; NOT an identified fault; inspect shape, bands and 1m/field data"
1625,36,17,1460.08,1180.89,-118.6087,39.4008,100.0,"below 200-closed-px screen; NOT an identified fault; inspect shape, bands and 1m/field data"
1626,2,2,1456.5,368.0,-119.5521,39.3872,783.9,"below 200-closed-px screen; NOT an identified fault; inspect shape, bands and 1m/field data"
1627,1,1,1456.0,1591.0,-118.1325,39.4101,360.6,"below 200-closed-px screen; NOT an identified fault; inspect shape, bands and 1m/field data"
1628,1,1,1458.0,1594.0,-118.129,39.4083,282.8,"below 200-closed-px screen; NOT an identified fault; inspect shape, bands and 1m/field data"
1629,66,18,1462.14,702.21,-119.1642,39.39,120.7,"below 200-closed-px screen; NOT an identified fault; inspect shape, bands and 1m/field data"
1630,1,1,1459.0,1345.0,-118.4181,39.4043,100.0,"below 200-closed-px screen; NOT an identified fault; inspect shape, bands and 1m/field data"
1631,123,73,1471.46,737.69,-119.1228,39.3823,100.0,"below 200-closed-px screen; NOT an identified fault; inspect shape, bands and 1m/field data"
1632,1,1,1461.0,1491.0,-118.2486,39.4044,860.2,"below 200-closed-px screen; NOT an identified fault; inspect shape, bands and 1m/field data"
1633,113,57,1467.48,1583.14,-118.1415,39.3997,141.4,"below 200-closed-px screen; NOT an identified fault; inspect shape, bands and 1m/field data"
1634,1,1,1461.0,1636.0,-118.0802,39.4061,1204.2,"below 200-closed-px screen; NOT an identified fault; inspect shape, bands and 1m/field data"
1636,26,21,1469.19,774.42,-119.0802,39.3851,100.0,"below 200-closed-px screen; NOT an identified fault; inspect shape, bands and 1m/field data"
1637,1,1,1467.0,544.0,-119.3476,39.382,100.0,"below 200-closed-px screen; NOT an identified fault; inspect shape, bands and 1m/field data"
1638,1,1,1467.0,1716.0,-117.9872,39.4015,2024.8,"below 200-closed-px screen; NOT an identified fault; inspect shape, bands and 1m/field data"
1639,1,1,1469.0,710.0,-119.155,39.3839,412.3,"below 200-closed-px screen; NOT an identified fault; inspect shape, bands and 1m/field data"
1640,3,2,1470.0,1717.0,-117.986,39.3988,1944.1,"below 200-closed-px screen; NOT an identified fault; inspect shape, bands and 1m/field data"
1641,1,1,1470.0,479.0,-119.423,39.3778,1360.1,"below 200-closed-px screen; NOT an identified fault; inspect shape, bands and 1m/field data"
1642,1,1,1470.0,712.0,-119.1526,39.3831,412.3,"below 200-closed-px screen; NOT an identified fault; inspect shape, bands and 1m/field data"
1643,1,1,1471.0,984.0,-118.837,39.3876,100.0,"below 200-closed-px screen; NOT an identified fault; inspect shape, bands and 1m/field data"
1644,3,2,1472.0,554.0,-119.3359,39.3777,161.8,"below 200-closed-px screen; NOT an identified fault; inspect shape, bands and 1m/field data"
1645,1,1,1472.0,986.0,-118.8346,39.3867,100.0,"below 200-closed-px screen; NOT an identified fault; inspect shape, bands and 1m/field data"
1646,12,6,1474.33,1440.58,-118.3069,39.3918,182.5,"below 200-closed-px screen; NOT an identified fault; inspect shape, bands and 1m/field data"
1647,21,18,1482.33,1303.29,-118.4661,39.3827,141.4,"below 200-closed-px screen; NOT an identified fault; inspect shape, bands and 1m/field data"
1648,7,3,1479.57,1538.29,-118.1934,39.3883,412.3,"below 200-closed-px screen; NOT an identified fault; inspect shape, bands and 1m/field data"
1649,1,1,1478.0,1550.0,-118.1798,39.3898,400.0,"below 200-closed-px screen; NOT an identified fault; inspect shape, bands and 1m/field data"
1650,8,7,1480.5,1556.0,-118.1728,39.3876,200.0,"below 200-closed-px screen; NOT an identified fault; inspect shape, bands and 1m/field data"
1651,1,1,1479.0,904.0,-118.9296,39.3789,141.4,"below 200-closed-px screen; NOT an identified fault; inspect shape, bands and 1m/field data"
1653,3,3,1482.67,556.67,-119.3325,39.3682,300.0,"below 200-closed-px screen; NOT an identified fault; inspect shape, bands and 1m/field data"
1654,1,1,1484.0,488.0,-119.4121,39.3654,316.2,"below 200-closed-px screen; NOT an identified fault; inspect shape, bands and 1m/field data"
1655,30,21,1487.03,901.63,-118.9322,39.3716,100.0,"below 200-closed-px screen; NOT an identified fault; inspect shape, bands and 1m/field data"
1656,1,1,1485.0,477.0,-119.4248,39.3642,100.0,"below 200-closed-px screen; NOT an identified fault; inspect shape, bands and 1m/field data"
1657,2,2,1485.0,490.5,-119.4092,39.3645,150.0,"below 200-closed-px screen; NOT an identified fault; inspect shape, bands and 1m/field data"
1658,2,2,1485.5,1539.0,-118.1925,39.3829,763.7,"below 200-closed-px screen; NOT an identified fault; inspect shape, bands and 1m/field data"
1659,6,6,1487.17,483.0,-119.4178,39.3624,321.7,"below 200-closed-px screen; NOT an identified fault; inspect shape, bands and 1m/field data"
1660,5,4,1487.4,735.0,-119.1255,39.3679,1152.3,"below 200-closed-px screen; NOT an identified fault; inspect shape, bands and 1m/field data"
1662,1,1,1489.0,928.0,-118.9015,39.3703,100.0,"below 200-closed-px screen; NOT an identified fault; inspect shape, bands and 1m/field data"
1663,1,1,1490.0,397.0,-119.5174,39.3577,223.6,"below 200-closed-px screen; NOT an identified fault; inspect shape, bands and 1m/field data"
1664,1,1,1490.0,486.0,-119.4142,39.3599,100.0,"below 200-closed-px screen; NOT an identified fault; inspect shape, bands and 1m/field data"
1665,2,2,1490.5,623.0,-119.2553,39.3627,100.0,"below 200-closed-px screen; NOT an identified fault; inspect shape, bands and 1m/field data"
1666,1,1,1491.0,737.0,-119.1231,39.3647,1500.0,"below 200-closed-px screen; NOT an identified fault; inspect shape, bands and 1m/field data"
1667,3,3,1492.33,924.0,-118.9061,39.3673,282.8,"below 200-closed-px screen; NOT an identified fault; inspect shape, bands and 1m/field data"
1668,8,5,1494.62,547.38,-119.3429,39.3572,141.4,"below 200-closed-px screen; NOT an identified fault; inspect shape, bands and 1m/field data"
1669,1,1,1494.0,1538.0,-118.1935,39.3753,900.0,"below 200-closed-px screen; NOT an identified fault; inspect shape, bands and 1m/field data"
1670,9,7,1498.11,536.56,-119.3553,39.3538,282.8,"below 200-closed-px screen; NOT an identified fault; inspect shape, bands and 1m/field data"
1671,1,1,1497.0,1472.0,-118.2701,39.3717,316.2,"below 200-closed-px screen; NOT an identified fault; inspect shape, bands and 1m/field data"
1672,16,6,1501.12,558.69,-119.3296,39.3516,338.4,"below 200-closed-px screen; NOT an identified fault; inspect shape, bands and 1m/field data"
1673,5,4,1503.0,1741.8,-117.9568,39.3693,1424.4,"below 200-closed-px screen; NOT an identified fault; inspect shape, bands and 1m/field data"
1674,77,45,1511.29,447.86,-119.4578,39.3398,100.0,"below 200-closed-px screen; NOT an identified fault; inspect shape, bands and 1m/field data"
1675,1,1,1502.0,454.0,-119.4509,39.3484,100.0,"below 200-closed-px screen; NOT an identified fault; inspect shape, bands and 1m/field data"
1676,50,36,1509.62,539.32,-119.3518,39.3435,100.0,"below 200-closed-px screen; NOT an identified fault; inspect shape, bands and 1m/field data"
1677,1,1,1504.0,1434.0,-118.314,39.3649,100.0,"below 200-closed-px screen; NOT an identified fault; inspect shape, bands and 1m/field data"
1678,2,2,1506.5,1564.0,-118.1631,39.3643,751.1,"below 200-closed-px screen; NOT an identified fault; inspect shape, bands and 1m/field data"
1679,1,1,1508.0,1466.0,-118.2768,39.3618,100.0,"below 200-closed-px screen; NOT an identified fault; inspect shape, bands and 1m/field data"
1680,137,101,1526.47,1257.61,-118.5183,39.3422,100.0,"below 200-closed-px screen; NOT an identified fault; inspect shape, bands and 1m/field data"
1681,15,14,1514.53,1429.8,-118.3187,39.3554,100.0,"below 200-closed-px screen; NOT an identified fault; inspect shape, bands and 1m/field data"
1682,10,8,1513.4,556.1,-119.3322,39.3405,292.1,"below 200-closed-px screen; NOT an identified fault; inspect shape, bands and 1m/field data"
1683,1,1,1512.0,1610.0,-118.1097,39.3599,200.0,"below 200-closed-px screen; NOT an identified fault; inspect shape, bands and 1m/field data"
1684,1,1,1513.0,568.0,-119.3184,39.3412,1431.8,"below 200-closed-px screen; NOT an identified fault; inspect shape, bands and 1m/field data"
1685,1,1,1514.0,407.0,-119.5051,39.3364,141.4,"below 200-closed-px screen; NOT an identified fault; inspect shape, bands and 1m/field data"
1686,1,1,1514.0,1564.0,-118.163,39.3575,608.3,"below 200-closed-px screen; NOT an identified fault; inspect shape, bands and 1m/field data"
1687,1,1,1514.0,1606.0,-118.1143,39.358,400.0,"below 200-closed-px screen; NOT an identified fault; inspect shape, bands and 1m/field data"
1688,1,1,1515.0,566.0,-119.3207,39.3393,1204.2,"below 200-closed-px screen; NOT an identified fault; inspect shape, bands and 1m/field data"
1689,9,7,1516.89,1540.22,-118.1906,39.3547,707.1,"below 200-closed-px screen; NOT an identified fault; inspect shape, bands and 1m/field data"
1690,5,4,1516.6,552.2,-119.3366,39.3376,120.7,"below 200-closed-px screen; NOT an identified fault; inspect shape, bands and 1m/field data"
1691,1,1,1518.0,1688.0,-118.0191,39.3553,2549.5,"below 200-closed-px screen; NOT an identified fault; inspect shape, bands and 1m/field data"
1692,1,1,1519.0,1612.0,-118.1072,39.3536,200.0,"below 200-closed-px screen; NOT an identified fault; inspect shape, bands and 1m/field data"
1693,1,1,1520.0,574.0,-119.3113,39.335,781.0,"below 200-closed-px screen; NOT an identified fault; inspect shape, bands and 1m/field data"
1694,1,1,1522.0,572.0,-119.3135,39.3331,800.0,"below 200-closed-px screen; NOT an identified fault; inspect shape, bands and 1m/field data"
1695,81,48,1531.27,1421.15,-118.3285,39.3402,200.0,"below 200-closed-px screen; NOT an identified fault; inspect shape, bands and 1m/field data"
1696,1,1,1525.0,553.0,-119.3355,39.33,316.2,"below 200-closed-px screen; NOT an identified fault; inspect shape, bands and 1m/field data"
1697,1,1,1525.0,1506.0,-118.2301,39.3469,223.6,"below 200-closed-px screen; NOT an identified fault; inspect shape, bands and 1m/field data"
1698,13,8,1528.69,578.92,-119.3053,39.3273,100.0,"below 200-closed-px screen; NOT an identified fault; inspect shape, bands and 1m/field data"
1700,7,4,1530.0,444.71,-119.4608,39.3229,1104.5,"below 200-closed-px screen; NOT an identified fault; inspect shape, bands and 1m/field data"
1701,1,1,1531.0,566.0,-119.3202,39.3249,509.9,"below 200-closed-px screen; NOT an identified fault; inspect shape, bands and 1m/field data"
1702,1,1,1532.0,548.0,-119.341,39.3236,360.6,"below 200-closed-px screen; NOT an identified fault; inspect shape, bands and 1m/field data"
1703,18,17,1535.78,1491.94,-118.2463,39.3371,200.0,"below 200-closed-px screen; NOT an identified fault; inspect shape, bands and 1m/field data"
1704,1,1,1535.0,425.0,-119.4835,39.3179,1118.0,"below 200-closed-px screen; NOT an identified fault; inspect shape, bands and 1m/field data"
1705,4,3,1536.5,626.25,-119.2502,39.3213,800.0,"below 200-closed-px screen; NOT an identified fault; inspect shape, bands and 1m/field data"
1706,60,31,1540.27,570.22,-119.315,39.3167,100.0,"below 200-closed-px screen; NOT an identified fault; inspect shape, bands and 1m/field data"
1707,1,1,1537.0,1504.0,-118.2323,39.3361,223.6,"below 200-closed-px screen; NOT an identified fault; inspect shape, bands and 1m/field data"
1708,2,2,1537.0,1615.5,-118.1029,39.3374,100.0,"below 200-closed-px screen; NOT an identified fault; inspect shape, bands and 1m/field data"
1709,56,32,1541.7,445.16,-119.4599,39.3124,2302.2,"below 200-closed-px screen; NOT an identified fault; inspect shape, bands and 1m/field data"
1710,1,1,1539.0,536.0,-119.3547,39.317,1513.3,"below 200-closed-px screen; NOT an identified fault; inspect shape, bands and 1m/field data"
1711,127,98,1550.83,1607.94,-118.1115,39.3249,291.4,"below 200-closed-px screen; NOT an identified fault; inspect shape, bands and 1m/field data"
1712,16,8,1540.38,1680.25,-118.0278,39.3351,1148.8,"below 200-closed-px screen; NOT an identified fault; inspect shape, bands and 1m/field data"
1713,1,1,1540.0,806.0,-119.0417,39.322,100.0,"below 200-closed-px screen; NOT an identified fault; inspect shape, bands and 1m/field data"
1714,14,12,1544.43,808.79,-119.0384,39.3181,120.7,"below 200-closed-px screen; NOT an identified fault; inspect shape, bands and 1m/field data"
1715,1,1,1542.0,1269.0,-118.5048,39.3284,100.0,"below 200-closed-px screen; NOT an identified fault; inspect shape, bands and 1m/field data"
1716,2,2,1543.0,816.5,-119.0295,39.3195,211.8,"below 200-closed-px screen; NOT an identified fault; inspect shape, bands and 1m/field data"
1718,1,1,1545.0,1487.0,-118.2519,39.3287,223.6,"below 200-closed-px screen; NOT an identified fault; inspect shape, bands and 1m/field data"
1719,2,2,1548.5,1480.0,-118.2599,39.3255,100.0,"below 200-closed-px screen; NOT an identified fault; inspect shape, bands and 1m/field data"
1720,104,66,1560.82,1410.14,-118.3407,39.3134,200.0,"below 200-closed-px screen; NOT an identified fault; inspect shape, bands and 1m/field data"
1721,5,5,1550.0,1670.0,-118.0395,39.3263,1612.5,"below 200-closed-px screen; NOT an identified fault; inspect shape, bands and 1m/field data"
1722,11,5,1555.82,1679.18,-118.0288,39.3211,806.2,"below 200-closed-px screen; NOT an identified fault; inspect shape, bands and 1m/field data"
1723,1,1,1556.0,449.0,-119.455,39.2996,3701.4,"below 200-closed-px screen; NOT an identified fault; inspect shape, bands and 1m/field data"
1724,1,1,1560.0,1472.0,-118.269,39.315,100.0,"below 200-closed-px screen; NOT an identified fault; inspect shape, bands and 1m/field data"
1725,2,2,1562.5,1477.0,-118.2632,39.3128,350.0,"below 200-closed-px screen; NOT an identified fault; inspect shape, bands and 1m/field data"
1726,1,1,1562.0,1492.0,-118.2458,39.3134,100.0,"below 200-closed-px screen; NOT an identified fault; inspect shape, bands and 1m/field data"
1727,1,1,1562.0,1683.0,-118.0243,39.3156,316.2,"below 200-closed-px screen; NOT an identified fault; inspect shape, bands and 1m/field data"
1728,10,6,1565.5,1678.6,-118.0293,39.3124,321.7,"below 200-closed-px screen; NOT an identified fault; inspect shape, bands and 1m/field data"
1729,2,2,1564.5,1493.0,-118.2446,39.3112,100.0,"below 200-closed-px screen; NOT an identified fault; inspect shape, bands and 1m/field data"
1730,1,1,1569.0,1713.0,-117.9894,39.3096,100.0,"below 200-closed-px screen; NOT an identified fault; inspect shape, bands and 1m/field data"
1732,31,26,1576.94,1669.58,-118.0396,39.302,200.0,"below 200-closed-px screen; NOT an identified fault; inspect shape, bands and 1m/field data"
1733,7,5,1576.0,1532.57,-118.1985,39.3013,200.0,"below 200-closed-px screen; NOT an identified fault; inspect shape, bands and 1m/field data"
1734,2,2,1575.5,1301.5,-118.4665,39.2987,100.0,"below 200-closed-px screen; NOT an identified fault; inspect shape, bands and 1m/field data"
1736,11,6,1577.82,1496.64,-118.2402,39.2992,150.0,"below 200-closed-px screen; NOT an identified fault; inspect shape, bands and 1m/field data"
1737,2,2,1578.0,1296.5,-118.4722,39.2964,100.0,"below 200-closed-px screen; NOT an identified fault; inspect shape, bands and 1m/field data"
1738,1,1,1582.0,1498.0,-118.2385,39.2955,200.0,"below 200-closed-px screen; NOT an identified fault; inspect shape, bands and 1m/field data"
1739,1,1,1582.0,1645.0,-118.0681,39.2972,300.0,"below 200-closed-px screen; NOT an identified fault; inspect shape, bands and 1m/field data"
1740,23,11,1586.17,1264.48,-118.5092,39.2885,141.4,"below 200-closed-px screen; NOT an identified fault; inspect shape, bands and 1m/field data"
1741,1,1,1583.0,1599.0,-118.1214,39.2958,141.4,"below 200-closed-px screen; NOT an identified fault; inspect shape, bands and 1m/field data"
1742,21,14,1587.67,978.86,-118.8402,39.2824,100.0,"below 200-closed-px screen; NOT an identified fault; inspect shape, bands and 1m/field data"
1744,5,5,1592.8,986.4,-118.8313,39.2779,141.4,"below 200-closed-px screen; NOT an identified fault; inspect shape, bands and 1m/field data"
1745,6,5,1592.83,1714.33,-117.9876,39.2881,400.0,"below 200-closed-px screen; NOT an identified fault; inspect shape, bands and 1m/field data"
1746,1,1,1594.0,502.0,-119.3925,39.2667,141.4,"below 200-closed-px screen; NOT an identified fault; inspect shape, bands and 1m/field data"
1747,1,1,1594.0,994.0,-118.8225,39.277,100.0,"below 200-closed-px screen; NOT an identified fault; inspect shape, bands and 1m/field data"
1748,10,10,1595.4,1084.6,-118.7175,39.2773,2540.7,"below 200-closed-px screen; NOT an identified fault; inspect shape, bands and 1m/field data"
1749,1,1,1595.0,996.0,-118.8201,39.2761,100.0,"below 200-closed-px screen; NOT an identified fault; inspect shape, bands and 1m/field data"
1750,18,10,1599.11,1648.67,-118.0636,39.2818,100.0,"below 200-closed-px screen; NOT an identified fault; inspect shape, bands and 1m/field data"
1751,1,1,1602.0,1453.0,-118.2904,39.2769,141.4,"below 200-closed-px screen; NOT an identified fault; inspect shape, bands and 1m/field data"
1752,1,1,1603.0,1709.0,-117.9936,39.2789,100.0,"below 200-closed-px screen; NOT an identified fault; inspect shape, bands and 1m/field data"
1753,14,7,1606.36,1039.21,-118.7698,39.2667,100.0,"below 200-closed-px screen; NOT an identified fault; inspect shape, bands and 1m/field data"
1754,15,7,1608.93,1710.13,-117.9922,39.2736,100.0,"below 200-closed-px screen; NOT an identified fault; inspect shape, bands and 1m/field data"
1755,1,1,1606.0,1450.0,-118.2938,39.2733,300.0,"below 200-closed-px screen; NOT an identified fault; inspect shape, bands and 1m/field data"
1756,55,20,1611.45,1546.55,-118.1818,39.2695,473.6,"below 200-closed-px screen; NOT an identified fault; inspect shape, bands and 1m/field data"
1757,1,1,1609.0,1447.0,-118.2972,39.2705,632.5,"below 200-closed-px screen; NOT an identified fault; inspect shape, bands and 1m/field data"
1758,2,2,1611.5,680.0,-119.1858,39.255,120.7,"below 200-closed-px screen; NOT an identified fault; inspect shape, bands and 1m/field data"
1759,39,25,1618.1,1530.08,-118.2008,39.2634,200.0,"below 200-closed-px screen; NOT an identified fault; inspect shape, bands and 1m/field data"
1760,70,43,1622.94,1557.29,-118.1692,39.2593,1640.1,"below 200-closed-px screen; NOT an identified fault; inspect shape, bands and 1m/field data"
1761,92,59,1624.74,660.84,-119.2076,39.2426,100.0,"below 200-closed-px screen; NOT an identified fault; inspect shape, bands and 1m/field data"
1762,1,1,1618.0,517.0,-119.3744,39.2454,2469.8,"below 200-closed-px screen; NOT an identified fault; inspect shape, bands and 1m/field data"
1763,6,6,1619.67,1679.33,-118.0278,39.2636,2442.3,"below 200-closed-px screen; NOT an identified fault; inspect shape, bands and 1m/field data"
1764,4,3,1619.0,1711.0,-117.9911,39.2645,300.0,"below 200-closed-px screen; NOT an identified fault; inspect shape, bands and 1m/field data"
1765,1,1,1619.0,1554.0,-118.173,39.2628,1500.0,"below 200-closed-px screen; NOT an identified fault; inspect shape, bands and 1m/field data"
1766,1,1,1620.0,561.0,-119.3234,39.2447,100.0,"below 200-closed-px screen; NOT an identified fault; inspect shape, bands and 1m/field data"
1767,1,1,1620.0,1515.0,-118.2182,39.2615,282.8,"below 200-closed-px screen; NOT an identified fault; inspect shape, bands and 1m/field data"
1768,7,5,1622.29,529.14,-119.3602,39.2419,1345.4,"below 200-closed-px screen; NOT an identified fault; inspect shape, bands and 1m/field data"
1769,15,8,1624.67,1632.0,-118.0826,39.2586,321.7,"below 200-closed-px screen; NOT an identified fault; inspect shape, bands and 1m/field data"
1770,4,4,1625.0,525.0,-119.3649,39.2393,1504.9,"below 200-closed-px screen; NOT an identified fault; inspect shape, bands and 1m/field data"
1771,1,1,1624.0,695.0,-119.1681,39.2441,100.0,"below 200-closed-px screen; NOT an identified fault; inspect shape, bands and 1m/field data"
1772,1,1,1624.0,1519.0,-118.2135,39.2579,200.0,"below 200-closed-px screen; NOT an identified fault; inspect shape, bands and 1m/field data"
1773,23,16,1629.78,539.57,-119.3479,39.2354,261.8,"below 200-closed-px screen; NOT an identified fault; inspect shape, bands and 1m/field data"
1774,1,1,1625.0,714.0,-119.146,39.2436,848.5,"below 200-closed-px screen; NOT an identified fault; inspect shape, bands and 1m/field data"
1775,1,1,1626.0,820.0,-119.0233,39.2449,282.8,"below 200-closed-px screen; NOT an identified fault; inspect shape, bands and 1m/field data"
1776,16,7,1629.5,1709.88,-117.9923,39.2551,100.0,"below 200-closed-px screen; NOT an identified fault; inspect shape, bands and 1m/field data"
1777,3,3,1627.33,1532.0,-118.1984,39.2551,316.2,"below 200-closed-px screen; NOT an identified fault; inspect shape, bands and 1m/field data"
1778,1,1,1628.0,829.0,-119.0128,39.2432,141.4,"below 200-closed-px screen; NOT an identified fault; inspect shape, bands and 1m/field data"
1779,3,2,1628.67,1524.67,-118.2069,39.2538,120.7,"below 200-closed-px screen; NOT an identified fault; inspect shape, bands and 1m/field data"
1780,3,2,1628.67,1681.33,-118.0253,39.2555,2179.1,"below 200-closed-px screen; NOT an identified fault; inspect shape, bands and 1m/field data"
1781,4,2,1631.75,1679.75,-118.0271,39.2527,2454.5,"below 200-closed-px screen; NOT an identified fault; inspect shape, bands and 1m/field data"
1782,1,1,1632.0,835.0,-119.0057,39.2398,500.0,"below 200-closed-px screen; NOT an identified fault; inspect shape, bands and 1m/field data"
1783,1,1,1632.0,1527.0,-118.2041,39.2508,200.0,"below 200-closed-px screen; NOT an identified fault; inspect shape, bands and 1m/field data"
1784,76,49,1638.45,784.66,-119.0639,39.2329,141.4,"below 200-closed-px screen; NOT an identified fault; inspect shape, bands and 1m/field data"
1785,2,2,1635.0,803.5,-119.0421,39.2364,100.0,"below 200-closed-px screen; NOT an identified fault; inspect shape, bands and 1m/field data"
1786,8,6,1637.62,717.38,-119.1418,39.2323,100.0,"below 200-closed-px screen; NOT an identified fault; inspect shape, bands and 1m/field data"
1787,1,1,1637.0,1679.0,-118.0279,39.248,2683.3,"below 200-closed-px screen; NOT an identified fault; inspect shape, bands and 1m/field data"
1788,21,17,1641.9,544.67,-119.3416,39.2246,200.0,"below 200-closed-px screen; NOT an identified fault; inspect shape, bands and 1m/field data"
1789,98,76,1649.28,1560.93,-118.1646,39.2356,253.2,"below 200-closed-px screen; NOT an identified fault; inspect shape, bands and 1m/field data"
1790,2,2,1641.5,838.0,-119.002,39.2313,120.7,"below 200-closed-px screen; NOT an identified fault; inspect shape, bands and 1m/field data"
1791,12,9,1643.0,1543.0,-118.1854,39.2411,1615.5,"below 200-closed-px screen; NOT an identified fault; inspect shape, bands and 1m/field data"
1792,167,106,1650.23,716.83,-119.1421,39.2209,141.4,"below 200-closed-px screen; NOT an identified fault; inspect shape, bands and 1m/field data"
1793,22,15,1647.27,552.59,-119.3323,39.2199,100.0,"below 200-closed-px screen; NOT an identified fault; inspect shape, bands and 1m/field data"
1794,39,33,1655.26,557.92,-119.3259,39.2128,608.3,"below 200-closed-px screen; NOT an identified fault; inspect shape, bands and 1m/field data"
1795,42,29,1657.55,596.12,-119.2816,39.2117,100.0,"below 200-closed-px screen; NOT an identified fault; inspect shape, bands and 1m/field data"
1796,59,43,1662.29,854.19,-118.9828,39.2129,700.0,"below 200-closed-px screen; NOT an identified fault; inspect shape, bands and 1m/field data"
1797,1,1,1657.0,844.0,-118.9947,39.2174,500.0,"below 200-closed-px screen; NOT an identified fault; inspect shape, bands and 1m/field data"
1799,2,2,1663.0,838.5,-119.0009,39.2119,100.0,"below 200-closed-px screen; NOT an identified fault; inspect shape, bands and 1m/field data"
1800,1,1,1664.0,1543.0,-118.1851,39.2222,2051.8,"below 200-closed-px screen; NOT an identified fault; inspect shape, bands and 1m/field data"
1801,1,1,1665.0,841.0,-118.9979,39.2102,100.0,"below 200-closed-px screen; NOT an identified fault; inspect shape, bands and 1m/field data"
1802,2,2,1665.0,868.5,-118.9661,39.2107,100.0,"below 200-closed-px screen; NOT an identified fault; inspect shape, bands and 1m/field data"
1803,4,3,1665.75,889.0,-118.9424,39.2104,100.0,"below 200-closed-px screen; NOT an identified fault; inspect shape, bands and 1m/field data"
1804,8,8,1669.62,895.88,-118.9343,39.2071,250.0,"below 200-closed-px screen; NOT an identified fault; inspect shape, bands and 1m/field data"
1805,1,1,1669.0,867.0,-118.9678,39.2071,100.0,"below 200-closed-px screen; NOT an identified fault; inspect shape, bands and 1m/field data"
1806,1,1,1673.0,1525.0,-118.2058,39.2138,2000.0,"below 200-closed-px screen; NOT an identified fault; inspect shape, bands and 1m/field data"
1807,22,10,1680.05,1224.86,-118.5532,39.2034,392.4,"below 200-closed-px screen; NOT an identified fault; inspect shape, bands and 1m/field data"
1808,2,2,1674.0,1669.5,-118.0384,39.2146,150.0,"below 200-closed-px screen; NOT an identified fault; inspect shape, bands and 1m/field data"
1809,1,1,1675.0,743.0,-119.1111,39.1991,1421.3,"below 200-closed-px screen; NOT an identified fault; inspect shape, bands and 1m/field data"
1810,1,1,1679.0,1675.0,-118.032,39.2101,100.0,"below 200-closed-px screen; NOT an identified fault; inspect shape, bands and 1m/field data"
1811,1,1,1685.0,1673.0,-118.0343,39.2047,100.0,"below 200-closed-px screen; NOT an identified fault; inspect shape, bands and 1m/field data"
1812,1,1,1686.0,742.0,-119.112,39.1892,728.0,"below 200-closed-px screen; NOT an identified fault; inspect shape, bands and 1m/field data"
1813,1,1,1687.0,1671.0,-118.0365,39.2029,100.0,"below 200-closed-px screen; NOT an identified fault; inspect shape, bands and 1m/field data"
1814,108,49,1694.3,662.58,-119.2036,39.1801,200.0,"below 200-closed-px screen; NOT an identified fault; inspect shape, bands and 1m/field data"
1815,145,94,1703.16,1220.47,-118.5578,39.1825,141.4,"below 200-closed-px screen; NOT an identified fault; inspect shape, bands and 1m/field data"
1816,40,29,1701.33,1531.12,-118.1983,39.1884,2220.4,"below 200-closed-px screen; NOT an identified fault; inspect shape, bands and 1m/field data"
1817,2,2,1695.5,615.0,-119.2586,39.1779,120.7,"below 200-closed-px screen; NOT an identified fault; inspect shape, bands and 1m/field data"
1818,1,1,1695.0,650.0,-119.2182,39.1791,100.0,"below 200-closed-px screen; NOT an identified fault; inspect shape, bands and 1m/field data"
1819,10,9,1696.8,1232.0,-118.5446,39.1884,141.4,"below 200-closed-px screen; NOT an identified fault; inspect shape, bands and 1m/field data"
1820,1,1,1695.0,1516.0,-118.2159,39.1939,894.4,"below 200-closed-px screen; NOT an identified fault; inspect shape, bands and 1m/field data"
1821,43,30,1701.33,1295.81,-118.4707,39.1853,2121.3,"below 200-closed-px screen; NOT an identified fault; inspect shape, bands and 1m/field data"
1822,6,4,1699.0,1507.83,-118.2253,39.1902,100.0,"below 200-closed-px screen; NOT an identified fault; inspect shape, bands and 1m/field data"
1823,1,1,1698.0,613.0,-119.2609,39.1756,412.3,"below 200-closed-px screen; NOT an identified fault; inspect shape, bands and 1m/field data"
1824,1,1,1698.0,861.0,-118.974,39.1808,1860.1,"below 200-closed-px screen; NOT an identified fault; inspect shape, bands and 1m/field data"
1825,1,1,1700.0,612.0,-119.262,39.1738,583.1,"below 200-closed-px screen; NOT an identified fault; inspect shape, bands and 1m/field data"
1826,1,1,1701.0,1583.0,-118.1382,39.1893,707.1,"below 200-closed-px screen; NOT an identified fault; inspect shape, bands and 1m/field data"
1827,2,2,1702.5,611.0,-119.2631,39.1715,744.8,"below 200-closed-px screen; NOT an identified fault; inspect shape, bands and 1m/field data"
1828,7,4,1704.71,734.14,-119.1206,39.1722,300.0,"below 200-closed-px screen; NOT an identified fault; inspect shape, bands and 1m/field data"
1829,1,1,1704.0,672.0,-119.1925,39.1715,316.2,"below 200-closed-px screen; NOT an identified fault; inspect shape, bands and 1m/field data"
1830,1,1,1705.0,1508.0,-118.225,39.1848,100.0,"below 200-closed-px screen; NOT an identified fault; inspect shape, bands and 1m/field data"
1831,1,1,1706.0,610.0,-119.2641,39.1683,984.9,"below 200-closed-px screen; NOT an identified fault; inspect shape, bands and 1m/field data"
1832,5,2,1709.0,827.0,-119.013,39.1703,3196.1,"below 200-closed-px screen; NOT an identified fault; inspect shape, bands and 1m/field data"
1833,4,3,1708.5,1511.0,-118.2215,39.1817,200.0,"below 200-closed-px screen; NOT an identified fault; inspect shape, bands and 1m/field data"
1834,4,4,1709.5,1404.0,-118.3453,39.1794,703.6,"below 200-closed-px screen; NOT an identified fault; inspect shape, bands and 1m/field data"
1835,1,1,1712.0,1650.0,-118.0605,39.1801,100.0,"below 200-closed-px screen; NOT an identified fault; inspect shape, bands and 1m/field data"
1836,1,1,1713.0,826.0,-119.0141,39.1666,3360.1,"below 200-closed-px screen; NOT an identified fault; inspect shape, bands and 1m/field data"
1837,2,2,1713.0,1248.5,-118.5252,39.1741,1040.8,"below 200-closed-px screen; NOT an identified fault; inspect shape, bands and 1m/field data"
1838,1,1,1714.0,1296.0,-118.4702,39.1739,1389.2,"below 200-closed-px screen; NOT an identified fault; inspect shape, bands and 1m/field data"
1839,1,1,1714.0,1649.0,-118.0616,39.1783,100.0,"below 200-closed-px screen; NOT an identified fault; inspect shape, bands and 1m/field data"
1840,14,12,1720.43,864.86,-118.9689,39.1607,141.4,"below 200-closed-px screen; NOT an identified fault; inspect shape, bands and 1m/field data"
1841,1,1,1717.0,1295.0,-118.4713,39.1711,1166.2,"below 200-closed-px screen; NOT an identified fault; inspect shape, bands and 1m/field data"
1842,1,1,1718.0,1307.0,-118.4574,39.1704,1902.6,"below 200-closed-px screen; NOT an identified fault; inspect shape, bands and 1m/field data"
1843,3,3,1721.33,1645.33,-118.0658,39.1717,100.0,"below 200-closed-px screen; NOT an identified fault; inspect shape, bands and 1m/field data"
1844,1,1,1722.0,829.0,-119.0104,39.1586,2475.9,"below 200-closed-px screen; NOT an identified fault; inspect shape, bands and 1m/field data"
1845,2,2,1724.5,1526.0,-118.2039,39.1675,2103.5,"below 200-closed-px screen; NOT an identified fault; inspect shape, bands and 1m/field data"
1847,4,4,1726.5,1238.0,-118.5371,39.1617,200.0,"below 200-closed-px screen; NOT an identified fault; inspect shape, bands and 1m/field data"
1848,65,46,1733.55,1187.66,-118.5952,39.1546,100.0,"below 200-closed-px screen; NOT an identified fault; inspect shape, bands and 1m/field data"
1849,1,1,1726.0,1201.0,-118.5799,39.1616,583.1,"below 200-closed-px screen; NOT an identified fault; inspect shape, bands and 1m/field data"
1850,18,14,1728.5,1591.83,-118.1276,39.1646,141.4,"below 200-closed-px screen; NOT an identified fault; inspect shape, bands and 1m/field data"
1851,5,5,1733.8,1536.4,-118.1917,39.1592,2720.3,"below 200-closed-px screen; NOT an identified fault; inspect shape, bands and 1m/field data"
1852,43,25,1739.58,1564.42,-118.1592,39.1543,100.0,"below 200-closed-px screen; NOT an identified fault; inspect shape, bands and 1m/field data"
1855,1,1,1736.0,1607.0,-118.11,39.158,700.0,"below 200-closed-px screen; NOT an identified fault; inspect shape, bands and 1m/field data"
1856,28,12,1747.57,1201.64,-118.5787,39.1422,541.5,"below 200-closed-px screen; NOT an identified fault; inspect shape, bands and 1m/field data"
1857,1,1,1740.0,1617.0,-118.0983,39.1545,922.0,"below 200-closed-px screen; NOT an identified fault; inspect shape, bands and 1m/field data"
1858,25,19,1749.52,1190.16,-118.592,39.1403,200.0,"below 200-closed-px screen; NOT an identified fault; inspect shape, bands and 1m/field data"
1859,1,1,1747.0,1167.0,-118.6188,39.1422,2012.5,"below 200-closed-px screen; NOT an identified fault; inspect shape, bands and 1m/field data"
1860,4,4,1751.5,1276.25,-118.4924,39.1398,120.7,"below 200-closed-px screen; NOT an identified fault; inspect shape, bands and 1m/field data"
1861,9,6,1752.89,1332.56,-118.4272,39.1394,100.0,"below 200-closed-px screen; NOT an identified fault; inspect shape, bands and 1m/field data"
1863,1,1,1755.0,999.0,-118.813,39.1321,200.0,"below 200-closed-px screen; NOT an identified fault; inspect shape, bands and 1m/field data"
1864,1,1,1758.0,1062.0,-118.74,39.1305,100.0,"below 200-closed-px screen; NOT an identified fault; inspect shape, bands and 1m/field data"
1865,25,18,1762.84,1195.4,-118.5857,39.1283,100.0,"below 200-closed-px screen; NOT an identified fault; inspect shape, bands and 1m/field data"
1866,4,2,1759.25,1503.25,-118.2296,39.1359,100.0,"below 200-closed-px screen; NOT an identified fault; inspect shape, bands and 1m/field data"
1867,2,2,1760.0,834.5,-119.003,39.1245,120.7,"below 200-closed-px screen; NOT an identified fault; inspect shape, bands and 1m/field data"
1868,32,19,1765.09,1652.41,-118.057,39.1323,141.4,"below 200-closed-px screen; NOT an identified fault; inspect shape, bands and 1m/field data"
1869,1,1,1762.0,1508.0,-118.2241,39.1335,538.5,"below 200-closed-px screen; NOT an identified fault; inspect shape, bands and 1m/field data"
1870,7,7,1765.71,1348.29,-118.4088,39.128,100.0,"below 200-closed-px screen; NOT an identified fault; inspect shape, bands and 1m/field data"
1871,14,13,1772.71,1069.93,-118.7305,39.1174,141.4,"below 200-closed-px screen; NOT an identified fault; inspect shape, bands and 1m/field data"
1872,16,15,1770.5,1646.5,-118.0638,39.1274,412.3,"below 200-closed-px screen; NOT an identified fault; inspect shape, bands and 1m/field data"
1873,1,1,1771.0,997.0,-118.8149,39.1176,806.2,"below 200-closed-px screen; NOT an identified fault; inspect shape, bands and 1m/field data"
1875,5,3,1774.0,828.0,-119.0102,39.1117,1081.7,"below 200-closed-px screen; NOT an identified fault; inspect shape, bands and 1m/field data"
1876,18,11,1777.28,1589.89,-118.1292,39.1206,100.0,"below 200-closed-px screen; NOT an identified fault; inspect shape, bands and 1m/field data"
1877,16,14,1778.88,920.44,-118.9032,39.1091,200.0,"below 200-closed-px screen; NOT an identified fault; inspect shape, bands and 1m/field data"
1878,96,71,1794.2,1085.01,-118.7126,39.0983,141.4,"below 200-closed-px screen; NOT an identified fault; inspect shape, bands and 1m/field data"
1879,8,8,1784.75,839.0,-118.9972,39.1023,814.8,"below 200-closed-px screen; NOT an identified fault; inspect shape, bands and 1m/field data"
1880,2,2,1784.5,1600.0,-118.1174,39.1143,505.0,"below 200-closed-px screen; NOT an identified fault; inspect shape, bands and 1m/field data"
1881,5,4,1788.2,1530.8,-118.1973,39.1101,616.2,"below 200-closed-px screen; NOT an identified fault; inspect shape, bands and 1m/field data"
1882,1,1,1788.0,1616.0,-118.0988,39.1113,100.0,"below 200-closed-px screen; NOT an identified fault; inspect shape, bands and 1m/field data"
1883,1,1,1789.0,1606.0,-118.1104,39.1103,141.4,"below 200-closed-px screen; NOT an identified fault; inspect shape, bands and 1m/field data"
1884,65,22,1800.57,927.17,-118.8949,39.0897,473.6,"below 200-closed-px screen; NOT an identified fault; inspect shape, bands and 1m/field data"
1885,60,43,1801.78,1322.02,-118.4385,39.0952,100.0,"below 200-closed-px screen; NOT an identified fault; inspect shape, bands and 1m/field data"
1886,3,3,1798.33,832.33,-119.0046,39.0899,200.0,"below 200-closed-px screen; NOT an identified fault; inspect shape, bands and 1m/field data"
1887,36,25,1802.97,1509.03,-118.2223,39.0966,424.3,"below 200-closed-px screen; NOT an identified fault; inspect shape, bands and 1m/field data"
1888,1,1,1801.0,1615.0,-118.0998,39.0996,200.0,"below 200-closed-px screen; NOT an identified fault; inspect shape, bands and 1m/field data"
1889,1,1,1807.0,1098.0,-118.6973,39.087,100.0,"below 200-closed-px screen; NOT an identified fault; inspect shape, bands and 1m/field data"
1890,1,1,1809.0,1363.0,-118.391,39.0892,500.0,"below 200-closed-px screen; NOT an identified fault; inspect shape, bands and 1m/field data"
1891,2,2,1811.0,1104.5,-118.6897,39.0835,182.5,"below 200-closed-px screen; NOT an identified fault; inspect shape, bands and 1m/field data"
1892,1,1,1811.0,1512.0,-118.2187,39.0894,761.6,"below 200-closed-px screen; NOT an identified fault; inspect shape, bands and 1m/field data"
1893,5,5,1812.6,1109.4,-118.684,39.0821,360.6,"below 200-closed-px screen; NOT an identified fault; inspect shape, bands and 1m/field data"
1894,1,1,1812.0,1625.0,-118.0881,39.0898,316.2,"below 200-closed-px screen; NOT an identified fault; inspect shape, bands and 1m/field data"
1895,18,5,1815.61,927.83,-118.8938,39.0762,100.0,"below 200-closed-px screen; NOT an identified fault; inspect shape, bands and 1m/field data"
1896,3,2,1815.0,1559.0,-118.1643,39.0863,1944.1,"below 200-closed-px screen; NOT an identified fault; inspect shape, bands and 1m/field data"
1897,142,53,1831.39,1622.89,-118.0902,39.0723,300.0,"below 200-closed-px screen; NOT an identified fault; inspect shape, bands and 1m/field data"
1898,25,14,1823.32,1412.36,-118.3337,39.077,200.0,"below 200-closed-px screen; NOT an identified fault; inspect shape, bands and 1m/field data"
1899,12,9,1820.25,1526.08,-118.2023,39.0812,282.8,"below 200-closed-px screen; NOT an identified fault; inspect shape, bands and 1m/field data"
1900,7,6,1823.43,1404.0,-118.3434,39.0768,505.0,"below 200-closed-px screen; NOT an identified fault; inspect shape, bands and 1m/field data"
1901,2,2,1823.5,1107.0,-118.6866,39.0723,839.5,"below 200-closed-px screen; NOT an identified fault; inspect shape, bands and 1m/field data"
1902,10,7,1824.2,1115.8,-118.6764,39.0718,200.0,"below 200-closed-px screen; NOT an identified fault; inspect shape, bands and 1m/field data"
1903,1,1,1824.0,1522.0,-118.207,39.0778,100.0,"below 200-closed-px screen; NOT an identified fault; inspect shape, bands and 1m/field data"
1904,18,12,1826.28,1616.56,-118.0976,39.0768,500.0,"below 200-closed-px screen; NOT an identified fault; inspect shape, bands and 1m/field data"
1905,12,11,1828.42,896.5,-118.9297,39.0641,100.0,"below 200-closed-px screen; NOT an identified fault; inspect shape, bands and 1m/field data"
1906,1,1,1833.0,877.0,-118.9521,39.0596,300.0,"below 200-closed-px screen; NOT an identified fault; inspect shape, bands and 1m/field data"
1908,6,3,1834.5,1628.0,-118.0843,39.0695,100.0,"below 200-closed-px screen; NOT an identified fault; inspect shape, bands and 1m/field data"
1909,1,1,1835.0,818.0,-119.0202,39.0566,100.0,"below 200-closed-px screen; NOT an identified fault; inspect shape, bands and 1m/field data"
1910,3,3,1838.67,888.0,-118.9392,39.0547,1118.0,"below 200-closed-px screen; NOT an identified fault; inspect shape, bands and 1m/field data"
1911,2,2,1841.5,1117.0,-118.6746,39.0562,956.0,"below 200-closed-px screen; NOT an identified fault; inspect shape, bands and 1m/field data"
1912,1,1,1845.0,1518.0,-118.2113,39.0588,100.0,"below 200-closed-px screen; NOT an identified fault; inspect shape, bands and 1m/field data"
1913,6,5,1845.67,1588.17,-118.1302,39.059,500.0,"below 200-closed-px screen; NOT an identified fault; inspect shape, bands and 1m/field data"
1914,37,20,1857.0,1131.7,-118.6573,39.0425,877.0,"below 200-closed-px screen; NOT an identified fault; inspect shape, bands and 1m/field data"
1915,1,1,1854.0,1511.0,-118.2192,39.0506,300.0,"below 200-closed-px screen; NOT an identified fault; inspect shape, bands and 1m/field data"
1916,4,4,1856.5,1503.5,-118.2278,39.0483,120.7,"below 200-closed-px screen; NOT an identified fault; inspect shape, bands and 1m/field data"
1917,9,5,1857.0,1514.0,-118.2157,39.0479,100.0,"below 200-closed-px screen; NOT an identified fault; inspect shape, bands and 1m/field data"
1918,3,3,1857.0,1549.33,-118.1749,39.0484,583.1,"below 200-closed-px screen; NOT an identified fault; inspect shape, bands and 1m/field data"
1920,75,65,1868.61,1555.6,-118.1675,39.038,1131.4,"below 200-closed-px screen; NOT an identified fault; inspect shape, bands and 1m/field data"
1921,4,3,1863.25,1509.5,-118.2208,39.0423,100.0,"below 200-closed-px screen; NOT an identified fault; inspect shape, bands and 1m/field data"
1922,5,3,1864.8,909.2,-118.9141,39.0315,141.4,"below 200-closed-px screen; NOT an identified fault; inspect shape, bands and 1m/field data"
1923,2,2,1864.5,1537.0,-118.189,39.0415,1123.9,"below 200-closed-px screen; NOT an identified fault; inspect shape, bands and 1m/field data"
1924,26,18,1868.19,903.23,-118.9209,39.0284,300.0,"below 200-closed-px screen; NOT an identified fault; inspect shape, bands and 1m/field data"
1925,6,6,1870.83,951.33,-118.8653,39.0269,716.2,"below 200-closed-px screen; NOT an identified fault; inspect shape, bands and 1m/field data"
1926,1,1,1871.0,1279.0,-118.4869,39.0322,223.6,"below 200-closed-px screen; NOT an identified fault; inspect shape, bands and 1m/field data"
1927,103,47,1881.13,1640.75,-118.0689,39.0276,100.0,"below 200-closed-px screen; NOT an identified fault; inspect shape, bands and 1m/field data"
1928,1,1,1875.0,1657.0,-118.0502,39.0333,141.4,"below 200-closed-px screen; NOT an identified fault; inspect shape, bands and 1m/field data"
1929,3,3,1881.0,1210.33,-118.566,39.0221,3080.6,"below 200-closed-px screen; NOT an identified fault; inspect shape, bands and 1m/field data"
1930,1,1,1883.0,1167.0,-118.616,39.0197,424.3,"below 200-closed-px screen; NOT an identified fault; inspect shape, bands and 1m/field data"
1931,55,37,1894.25,1279.76,-118.4856,39.0112,100.0,"below 200-closed-px screen; NOT an identified fault; inspect shape, bands and 1m/field data"
1933,2,2,1885.5,1168.5,-118.6142,39.0174,500.0,"below 200-closed-px screen; NOT an identified fault; inspect shape, bands and 1m/field data"
1934,6,6,1888.83,1171.67,-118.6105,39.0145,473.6,"below 200-closed-px screen; NOT an identified fault; inspect shape, bands and 1m/field data"
1935,13,9,1892.23,1563.31,-118.1582,39.0168,300.0,"below 200-closed-px screen; NOT an identified fault; inspect shape, bands and 1m/field data"
1936,21,15,1896.95,1553.1,-118.1699,39.0124,100.0,"below 200-closed-px screen; NOT an identified fault; inspect shape, bands and 1m/field data"
1937,16,16,1901.12,1180.12,-118.6005,39.0035,424.3,"below 200-closed-px screen; NOT an identified fault; inspect shape, bands and 1m/field data"
1939,1,1,1910.0,949.0,-118.8671,38.9916,100.0,"below 200-closed-px screen; NOT an identified fault; inspect shape, bands and 1m/field data"
1940,1,1,1918.0,950.0,-118.8657,38.9844,300.0,"below 200-closed-px screen; NOT an identified fault; inspect shape, bands and 1m/field data"
1941,47,21,1924.66,1647.85,-118.0601,38.9885,100.0,"below 200-closed-px screen; NOT an identified fault; inspect shape, bands and 1m/field data"
1942,1,1,1923.0,954.0,-118.861,38.98,100.0,"below 200-closed-px screen; NOT an identified fault; inspect shape, bands and 1m/field data"
1943,8,5,1928.0,1657.0,-118.0495,38.9856,500.0,"below 200-closed-px screen; NOT an identified fault; inspect shape, bands and 1m/field data"
1944,3,3,1930.67,938.67,-118.8785,38.9728,1746.4,"below 200-closed-px screen; NOT an identified fault; inspect shape, bands and 1m/field data"
1945,161,84,1951.12,965.27,-118.8474,38.9548,200.0,"below 200-closed-px screen; NOT an identified fault; inspect shape, bands and 1m/field data"
1946,12,11,1936.5,946.5,-118.8693,38.9677,1303.8,"below 200-closed-px screen; NOT an identified fault; inspect shape, bands and 1m/field data"
1947,1,1,1935.0,1638.0,-118.0714,38.9791,141.4,"below 200-closed-px screen; NOT an identified fault; inspect shape, bands and 1m/field data"
1948,23,20,1944.0,1597.0,-118.1186,38.9705,984.9,"below 200-closed-px screen; NOT an identified fault; inspect shape, bands and 1m/field data"
1949,8,5,1955.12,1602.12,-118.1125,38.9606,500.0,"below 200-closed-px screen; NOT an identified fault; inspect shape, bands and 1m/field data"
1950,1,1,1955.0,1283.0,-118.4807,38.9566,3748.3,"below 200-closed-px screen; NOT an identified fault; inspect shape, bands and 1m/field data"
1951,1,1,1960.0,966.0,-118.8463,38.9469,316.2,"below 200-closed-px screen; NOT an identified fault; inspect shape, bands and 1m/field data"
1953,1,1,1967.0,980.0,-118.83,38.9408,100.0,"below 200-closed-px screen; NOT an identified fault; inspect shape, bands and 1m/field data"
1954,1,1,1970.0,982.0,-118.8276,38.9381,100.0,"below 200-closed-px screen; NOT an identified fault; inspect shape, bands and 1m/field data"
1955,14,7,1972.57,1592.07,-118.1238,38.9447,400.0,"below 200-closed-px screen; NOT an identified fault; inspect shape, bands and 1m/field data"
1957,54,48,1983.22,1543.96,-118.1792,38.9346,200.0,"below 200-closed-px screen; NOT an identified fault; inspect shape, bands and 1m/field data"
1958,2,2,1981.5,1592.5,-118.1232,38.9367,100.0,"below 200-closed-px screen; NOT an identified fault; inspect shape, bands and 1m/field data"
1959,58,34,2003.24,1783.64,-117.9025,38.919,141.4,"below 200-closed-px screen; NOT an identified fault; inspect shape, bands and 1m/field data"
1960,1,1,1998.0,1498.0,-118.232,38.9207,100.0,"below 200-closed-px screen; NOT an identified fault; inspect shape, bands and 1m/field data"
1961,1,1,2000.0,1221.0,-118.5514,38.9151,1118.0,"below 200-closed-px screen; NOT an identified fault; inspect shape, bands and 1m/field data"
1962,33,15,2007.55,1640.24,-118.0678,38.9137,100.0,"below 200-closed-px screen; NOT an identified fault; inspect shape, bands and 1m/field data"
1963,1,1,2005.0,1286.0,-118.4763,38.9116,640.3,"below 200-closed-px screen; NOT an identified fault; inspect shape, bands and 1m/field data"
1964,2,2,2011.0,1290.5,-118.471,38.9062,150.0,"below 200-closed-px screen; NOT an identified fault; inspect shape, bands and 1m/field data"
1965,1,1,2014.0,1631.0,-118.0784,38.9078,632.5,"below 200-closed-px screen; NOT an identified fault; inspect shape, bands and 1m/field data"
1966,3,3,2018.0,1116.0,-118.6721,38.8972,3255.8,"below 200-closed-px screen; NOT an identified fault; inspect shape, bands and 1m/field data"
1967,2,2,2018.5,1629.0,-118.0806,38.9037,532.8,"below 200-closed-px screen; NOT an identified fault; inspect shape, bands and 1m/field data"
1968,5,4,2019.2,1788.2,-117.897,38.9047,560.8,"below 200-closed-px screen; NOT an identified fault; inspect shape, bands and 1m/field data"
1971,29,18,2034.31,1620.72,-118.0899,38.8894,386.4,"below 200-closed-px screen; NOT an identified fault; inspect shape, bands and 1m/field data"
1972,1,1,2033.0,1205.0,-118.5692,38.8851,447.2,"below 200-closed-px screen; NOT an identified fault; inspect shape, bands and 1m/field data"
1973,56,45,2041.04,1520.93,-118.2049,38.8822,141.4,"below 200-closed-px screen; NOT an identified fault; inspect shape, bands and 1m/field data"
1974,4,4,2034.5,1602.5,-118.1109,38.889,793.1,"below 200-closed-px screen; NOT an identified fault; inspect shape, bands and 1m/field data"
1975,1,1,2036.0,1211.0,-118.5622,38.8825,806.2,"below 200-closed-px screen; NOT an identified fault; inspect shape, bands and 1m/field data"
1976,10,4,2038.5,1202.0,-118.5725,38.8801,170.7,"below 200-closed-px screen; NOT an identified fault; inspect shape, bands and 1m/field data"
1977,1,1,2039.0,1214.0,-118.5587,38.8799,854.4,"below 200-closed-px screen; NOT an identified fault; inspect shape, bands and 1m/field data"
1978,2,2,2040.0,1713.5,-117.9829,38.8852,150.0,"below 200-closed-px screen; NOT an identified fault; inspect shape, bands and 1m/field data"
1979,1,1,2042.0,1206.0,-118.5678,38.877,100.0,"below 200-closed-px screen; NOT an identified fault; inspect shape, bands and 1m/field data"
1980,1,1,2043.0,1221.0,-118.5505,38.8764,632.5,"below 200-closed-px screen; NOT an identified fault; inspect shape, bands and 1m/field data"
1981,2,2,2043.5,1530.5,-118.1938,38.8801,1062.2,"below 200-closed-px screen; NOT an identified fault; inspect shape, bands and 1m/field data"
1982,1,1,2046.0,1529.0,-118.1955,38.8778,984.9,"below 200-closed-px screen; NOT an identified fault; inspect shape, bands and 1m/field data"
1983,2,2,2047.5,1618.0,-118.0929,38.8775,150.0,"below 200-closed-px screen; NOT an identified fault; inspect shape, bands and 1m/field data"
1984,1,1,2048.0,1208.0,-118.5654,38.8717,141.4,"below 200-closed-px screen; NOT an identified fault; inspect shape, bands and 1m/field data"
1985,14,5,2050.93,1204.0,-118.57,38.869,565.7,"below 200-closed-px screen; NOT an identified fault; inspect shape, bands and 1m/field data"
1986,3,3,2052.0,1617.0,-118.094,38.8734,600.0,"below 200-closed-px screen; NOT an identified fault; inspect shape, bands and 1m/field data"
1987,1,1,2052.0,1258.0,-118.5077,38.8688,848.5,"below 200-closed-px screen; NOT an identified fault; inspect shape, bands and 1m/field data"
1988,10,7,2055.3,1247.8,-118.5194,38.8657,223.6,"below 200-closed-px screen; NOT an identified fault; inspect shape, bands and 1m/field data"
1989,33,23,2065.27,1257.15,-118.5084,38.8569,100.0,"below 200-closed-px screen; NOT an identified fault; inspect shape, bands and 1m/field data"
1990,2,2,2061.5,1166.5,-118.613,38.8589,100.0,"below 200-closed-px screen; NOT an identified fault; inspect shape, bands and 1m/field data"
1991,2,2,2064.5,1270.5,-118.4931,38.8577,989.9,"below 200-closed-px screen; NOT an identified fault; inspect shape, bands and 1m/field data"
1992,8,7,2067.38,1171.88,-118.6066,38.8536,141.4,"below 200-closed-px screen; NOT an identified fault; inspect shape, bands and 1m/field data"
1993,1,1,2066.0,1210.0,-118.5628,38.8555,100.0,"below 200-closed-px screen; NOT an identified fault; inspect shape, bands and 1m/field data"
1994,1,1,2067.0,1212.0,-118.5604,38.8546,100.0,"below 200-closed-px screen; NOT an identified fault; inspect shape, bands and 1m/field data"
1995,1,1,2067.0,1228.0,-118.542,38.8549,1253.0,"below 200-closed-px screen; NOT an identified fault; inspect shape, bands and 1m/field data"
1996,1,1,2068.0,1201.0,-118.5731,38.8535,781.0,"below 200-closed-px screen; NOT an identified fault; inspect shape, bands and 1m/field data"
1997,44,18,2076.14,1584.68,-118.1309,38.8513,120.7,"below 200-closed-px screen; NOT an identified fault; inspect shape, bands and 1m/field data"
1999,1,1,2070.0,1214.0,-118.5581,38.8519,100.0,"below 200-closed-px screen; NOT an identified fault; inspect shape, bands and 1m/field data"
2000,16,11,2076.25,1196.38,-118.5782,38.846,1640.1,"below 200-closed-px screen; NOT an identified fault; inspect shape, bands and 1m/field data"
2001,69,47,2078.54,1352.28,-118.3986,38.8463,282.8,"below 200-closed-px screen; NOT an identified fault; inspect shape, bands and 1m/field data"
2002,1,1,2073.0,1262.0,-118.5027,38.85,223.6,"below 200-closed-px screen; NOT an identified fault; inspect shape, bands and 1m/field data"
2003,1,1,2073.0,1276.0,-118.4866,38.8502,848.5,"below 200-closed-px screen; NOT an identified fault; inspect shape, bands and 1m/field data"
2004,1,1,2076.0,1591.0,-118.1236,38.8515,608.3,"below 200-closed-px screen; NOT an identified fault; inspect shape, bands and 1m/field data"
2005,2,2,2077.5,1281.5,-118.4802,38.8462,1014.8,"below 200-closed-px screen; NOT an identified fault; inspect shape, bands and 1m/field data"
2006,1,1,2080.0,1345.0,-118.407,38.8448,100.0,"below 200-closed-px screen; NOT an identified fault; inspect shape, bands and 1m/field data"
2007,2,2,2086.5,1583.0,-118.1327,38.842,120.7,"below 200-closed-px screen; NOT an identified fault; inspect shape, bands and 1m/field data"
2008,4,3,2089.5,1200.25,-118.5735,38.8342,2220.4,"below 200-closed-px screen; NOT an identified fault; inspect shape, bands and 1m/field data"
2009,1,1,2093.0,1584.0,-118.1314,38.8361,100.0,"below 200-closed-px screen; NOT an identified fault; inspect shape, bands and 1m/field data"
2010,8,5,2096.75,1580.5,-118.1354,38.8327,100.0,"below 200-closed-px screen; NOT an identified fault; inspect shape, bands and 1m/field data"
2011,12,9,2104.25,1173.67,-118.6038,38.8205,100.0,"below 200-closed-px screen; NOT an identified fault; inspect shape, bands and 1m/field data"
2012,4,4,2103.0,1381.75,-118.3642,38.8246,1309.6,"below 200-closed-px screen; NOT an identified fault; inspect shape, bands and 1m/field data"
2013,1,1,2107.0,1759.0,-117.9297,38.8253,360.6,"below 200-closed-px screen; NOT an identified fault; inspect shape, bands and 1m/field data"
2015,1,1,2109.0,1753.0,-117.9366,38.8234,223.6,"below 200-closed-px screen; NOT an identified fault; inspect shape, bands and 1m/field data"
2017,174,141,2131.22,1508.2,-118.2182,38.8008,282.8,"below 200-closed-px screen; NOT an identified fault; inspect shape, bands and 1m/field data"
2018,60,34,2129.27,1749.03,-117.9409,38.8051,100.0,"below 200-closed-px screen; NOT an identified fault; inspect shape, bands and 1m/field data"
2019,9,7,2122.44,1641.11,-118.0652,38.8102,141.4,"below 200-closed-px screen; NOT an identified fault; inspect shape, bands and 1m/field data"
2020,1,1,2121.0,1648.0,-118.0573,38.8116,360.6,"below 200-closed-px screen; NOT an identified fault; inspect shape, bands and 1m/field data"
2021,23,15,2126.91,1243.13,-118.5234,38.8011,100.0,"below 200-closed-px screen; NOT an identified fault; inspect shape, bands and 1m/field data"
2022,3,3,2123.33,1371.0,-118.3763,38.8062,1389.2,"below 200-closed-px screen; NOT an identified fault; inspect shape, bands and 1m/field data"
2023,1,1,2127.0,1467.0,-118.2657,38.8041,100.0,"below 200-closed-px screen; NOT an identified fault; inspect shape, bands and 1m/field data"
2024,1,1,2129.0,1693.0,-118.0054,38.8048,894.4,"below 200-closed-px screen; NOT an identified fault; inspect shape, bands and 1m/field data"
2025,1,1,2132.0,1694.0,-118.0042,38.8021,905.5,"below 200-closed-px screen; NOT an identified fault; inspect shape, bands and 1m/field data"
2026,5,5,2137.6,1244.2,-118.522,38.7915,300.0,"below 200-closed-px screen; NOT an identified fault; inspect shape, bands and 1m/field data"
2027,42,31,2140.83,1716.81,-117.9778,38.7944,141.4,"below 200-closed-px screen; NOT an identified fault; inspect shape, bands and 1m/field data"
2028,1,1,2142.0,1502.0,-118.2251,38.791,100.0,"below 200-closed-px screen; NOT an identified fault; inspect shape, bands and 1m/field data"
2029,2,2,2144.5,1045.0,-118.7511,38.7821,462.1,"below 200-closed-px screen; NOT an identified fault; inspect shape, bands and 1m/field data"
2030,1,1,2146.0,1372.0,-118.3747,38.7858,2692.6,"below 200-closed-px screen; NOT an identified fault; inspect shape, bands and 1m/field data"
2031,34,14,2154.41,1043.71,-118.7524,38.7731,241.4,"below 200-closed-px screen; NOT an identified fault; inspect shape, bands and 1m/field data"
2032,1,1,2148.0,1183.0,-118.5922,38.7812,100.0,"below 200-closed-px screen; NOT an identified fault; inspect shape, bands and 1m/field data"
2033,3,3,2152.0,1379.33,-118.3662,38.7805,2561.2,"below 200-closed-px screen; NOT an identified fault; inspect shape, bands and 1m/field data"
2034,1,1,2160.0,1178.0,-118.5977,38.7703,600.0,"below 200-closed-px screen; NOT an identified fault; inspect shape, bands and 1m/field data"
2035,1,1,2162.0,1374.0,-118.3721,38.7714,2280.4,"below 200-closed-px screen; NOT an identified fault; inspect shape, bands and 1m/field data"
2036,1,1,2162.0,1525.0,-118.1984,38.7733,141.4,"below 200-closed-px screen; NOT an identified fault; inspect shape, bands and 1m/field data"
2037,2,2,2163.5,1157.0,-118.6218,38.7668,2704.6,"below 200-closed-px screen; NOT an identified fault; inspect shape, bands and 1m/field data"
2038,39,25,2169.26,1181.59,-118.5934,38.762,600.0,"below 200-closed-px screen; NOT an identified fault; inspect shape, bands and 1m/field data"
2039,1,1,2164.0,1502.0,-118.2248,38.7712,1860.1,"below 200-closed-px screen; NOT an identified fault; inspect shape, bands and 1m/field data"
2040,1,1,2165.0,1159.0,-118.6195,38.7655,2517.9,"below 200-closed-px screen; NOT an identified fault; inspect shape, bands and 1m/field data"
2041,3,3,2167.0,1503.0,-118.2236,38.7685,2059.1,"below 200-closed-px screen; NOT an identified fault; inspect shape, bands and 1m/field data"
2042,3,3,2167.0,1528.67,-118.1941,38.7688,100.0,"below 200-closed-px screen; NOT an identified fault; inspect shape, bands and 1m/field data"
2043,1,1,2167.0,1378.0,-118.3675,38.7669,2280.4,"below 200-closed-px screen; NOT an identified fault; inspect shape, bands and 1m/field data"
2044,59,32,2175.75,1390.25,-118.3532,38.7592,2273.8,"below 200-closed-px screen; NOT an identified fault; inspect shape, bands and 1m/field data"
2045,30,15,2176.1,1338.37,-118.4129,38.7582,100.0,"below 200-closed-px screen; NOT an identified fault; inspect shape, bands and 1m/field data"
2046,1,1,2170.0,1530.0,-118.1925,38.7661,100.0,"below 200-closed-px screen; NOT an identified fault; inspect shape, bands and 1m/field data"
2047,12,9,2173.33,1156.5,-118.6222,38.758,2900.0,"below 200-closed-px screen; NOT an identified fault; inspect shape, bands and 1m/field data"
2048,1,1,2175.0,1189.0,-118.5848,38.757,100.0,"below 200-closed-px screen; NOT an identified fault; inspect shape, bands and 1m/field data"
2049,86,42,2183.28,1354.88,-118.3938,38.7519,141.4,"below 200-closed-px screen; NOT an identified fault; inspect shape, bands and 1m/field data"
2050,2,2,2180.5,1178.0,-118.5973,38.7518,874.4,"below 200-closed-px screen; NOT an identified fault; inspect shape, bands and 1m/field data"
2051,4,3,2182.25,1852.5,-117.8212,38.7583,100.0,"below 200-closed-px screen; NOT an identified fault; inspect shape, bands and 1m/field data"
2052,16,7,2189.19,1694.06,-118.0034,38.7506,1702.9,"below 200-closed-px screen; NOT an identified fault; inspect shape, bands and 1m/field data"
2053,1,1,2190.0,1530.0,-118.1922,38.7481,984.9,"below 200-closed-px screen; NOT an identified fault; inspect shape, bands and 1m/field data"
2054,48,23,2199.35,1860.65,-117.8116,38.7429,100.0,"below 200-closed-px screen; NOT an identified fault; inspect shape, bands and 1m/field data"
2055,6,4,2194.5,1368.0,-118.3785,38.742,211.8,"below 200-closed-px screen; NOT an identified fault; inspect shape, bands and 1m/field data"
2056,18,14,2197.72,1404.33,-118.3366,38.7396,360.6,"below 200-closed-px screen; NOT an identified fault; inspect shape, bands and 1m/field data"
2057,1,1,2196.0,1353.0,-118.3957,38.7405,223.6,"below 200-closed-px screen; NOT an identified fault; inspect shape, bands and 1m/field data"
2058,1,1,2200.0,1354.0,-118.3945,38.7369,100.0,"below 200-closed-px screen; NOT an identified fault; inspect shape, bands and 1m/field data"
2059,14,9,2206.0,1531.5,-118.1902,38.7337,1565.2,"below 200-closed-px screen; NOT an identified fault; inspect shape, bands and 1m/field data"
2060,4,4,2203.5,1412.0,-118.3277,38.7345,182.5,"below 200-closed-px screen; NOT an identified fault; inspect shape, bands and 1m/field data"
2061,4,2,2207.5,1551.0,-118.1678,38.7326,100.0,"below 200-closed-px screen; NOT an identified fault; inspect shape, bands and 1m/field data"
2062,1,1,2208.0,1867.0,-117.8042,38.7352,632.5,"below 200-closed-px screen; NOT an identified fault; inspect shape, bands and 1m/field data"
2063,9,6,2212.22,1868.44,-117.8025,38.7314,913.7,"below 200-closed-px screen; NOT an identified fault; inspect shape, bands and 1m/field data"
2064,16,8,2213.56,1428.06,-118.3091,38.7256,100.0,"below 200-closed-px screen; NOT an identified fault; inspect shape, bands and 1m/field data"
2065,105,81,2226.76,1862.01,-117.8098,38.7183,223.6,"below 200-closed-px screen; NOT an identified fault; inspect shape, bands and 1m/field data"
2066,1,1,2216.0,1433.0,-118.3034,38.7235,100.0,"below 200-closed-px screen; NOT an identified fault; inspect shape, bands and 1m/field data"
2067,1,1,2217.0,1436.0,-118.2999,38.7226,282.8,"below 200-closed-px screen; NOT an identified fault; inspect shape, bands and 1m/field data"
2068,4,4,2224.25,1418.25,-118.3202,38.7159,1459.4,"below 200-closed-px screen; NOT an identified fault; inspect shape, bands and 1m/field data"
2069,61,39,2234.56,1367.84,-118.378,38.7059,2163.3,"below 200-closed-px screen; NOT an identified fault; inspect shape, bands and 1m/field data"
2070,24,16,2227.12,1388.67,-118.3542,38.7129,100.0,"below 200-closed-px screen; NOT an identified fault; inspect shape, bands and 1m/field data"
2071,20,12,2227.95,1441.6,-118.2933,38.7128,100.0,"below 200-closed-px screen; NOT an identified fault; inspect shape, bands and 1m/field data"
2072,7,5,2232.14,1657.29,-118.0452,38.7115,100.0,"below 200-closed-px screen; NOT an identified fault; inspect shape, bands and 1m/field data"
2073,34,22,2237.85,1395.44,-118.3462,38.7033,100.0,"below 200-closed-px screen; NOT an identified fault; inspect shape, bands and 1m/field data"
2074,77,49,2238.09,1668.99,-118.0316,38.7063,200.0,"below 200-closed-px screen; NOT an identified fault; inspect shape, bands and 1m/field data"
2075,1,1,2239.0,1431.0,-118.3053,38.7028,1389.2,"below 200-closed-px screen; NOT an identified fault; inspect shape, bands and 1m/field data"
2077,47,24,2248.49,1859.0,-117.813,38.6987,100.0,"below 200-closed-px screen; NOT an identified fault; inspect shape, bands and 1m/field data"
2078,87,48,2253.46,1414.23,-118.3243,38.6895,141.4,"below 200-closed-px screen; NOT an identified fault; inspect shape, bands and 1m/field data"
2079,1,1,2246.0,1509.0,-118.2155,38.6974,100.0,"below 200-closed-px screen; NOT an identified fault; inspect shape, bands and 1m/field data"
2080,89,56,2259.08,1460.94,-118.2705,38.685,223.6,"below 200-closed-px screen; NOT an identified fault; inspect shape, bands and 1m/field data"
2081,1,1,2248.0,1510.0,-118.2143,38.6956,100.0,"below 200-closed-px screen; NOT an identified fault; inspect shape, bands and 1m/field data"
2082,3,3,2249.0,1673.0,-118.0269,38.6965,100.0,"below 200-closed-px screen; NOT an identified fault; inspect shape, bands and 1m/field data"
2083,1,1,2249.0,1513.0,-118.2108,38.6948,100.0,"below 200-closed-px screen; NOT an identified fault; inspect shape, bands and 1m/field data"
2084,18,9,2252.72,1596.94,-118.1143,38.6924,200.0,"below 200-closed-px screen; NOT an identified fault; inspect shape, bands and 1m/field data"
2085,3,2,2251.0,1314.0,-118.4396,38.6904,365.0,"below 200-closed-px screen; NOT an identified fault; inspect shape, bands and 1m/field data"
2086,1,1,2250.0,1515.0,-118.2085,38.6939,100.0,"below 200-closed-px screen; NOT an identified fault; inspect shape, bands and 1m/field data"
2087,103,43,2260.04,1318.85,-118.4338,38.6823,200.0,"below 200-closed-px screen; NOT an identified fault; inspect shape, bands and 1m/field data"
2088,4,4,2255.75,1529.25,-118.1921,38.6889,350.0,"below 200-closed-px screen; NOT an identified fault; inspect shape, bands and 1m/field data"
2089,1,1,2262.0,1534.0,-118.1865,38.6833,141.4,"below 200-closed-px screen; NOT an identified fault; inspect shape, bands and 1m/field data"
2090,1,1,2263.0,1609.0,-118.1003,38.6832,223.6,"below 200-closed-px screen; NOT an identified fault; inspect shape, bands and 1m/field data"
2091,4,4,2264.5,1524.5,-118.1974,38.6809,573.4,"below 200-closed-px screen; NOT an identified fault; inspect shape, bands and 1m/field data"
2092,4,4,2265.5,1536.5,-118.1836,38.6802,100.0,"below 200-closed-px screen; NOT an identified fault; inspect shape, bands and 1m/field data"
2093,10,10,2266.4,1430.1,-118.3059,38.6781,703.6,"below 200-closed-px screen; NOT an identified fault; inspect shape, bands and 1m/field data"
2094,2,2,2268.5,1335.0,-118.4151,38.6749,150.0,"below 200-closed-px screen; NOT an identified fault; inspect shape, bands and 1m/field data"
2095,1,1,2270.0,1341.0,-118.4082,38.6736,100.0,"below 200-closed-px screen; NOT an identified fault; inspect shape, bands and 1m/field data"
2096,7,3,2271.57,1338.0,-118.4116,38.6722,282.8,"below 200-closed-px screen; NOT an identified fault; inspect shape, bands and 1m/field data"
2097,2,2,2271.5,1493.5,-118.2329,38.6743,1841.2,"below 200-closed-px screen; NOT an identified fault; inspect shape, bands and 1m/field data"
2098,1,1,2274.0,1542.0,-118.1771,38.6726,100.0,"below 200-closed-px screen; NOT an identified fault; inspect shape, bands and 1m/field data"
2099,62,26,2277.34,1691.71,-118.005,38.6712,100.0,"below 200-closed-px screen; NOT an identified fault; inspect shape, bands and 1m/field data"
2100,1,1,2276.0,1581.0,-118.1323,38.6712,806.2,"below 200-closed-px screen; NOT an identified fault; inspect shape, bands and 1m/field data"
2101,1,1,2277.0,1544.0,-118.1748,38.6699,100.0,"below 200-closed-px screen; NOT an identified fault; inspect shape, bands and 1m/field data"
2102,9,7,2281.33,1466.22,-118.2641,38.6651,894.4,"below 200-closed-px screen; NOT an identified fault; inspect shape, bands and 1m/field data"
2103,1,1,2280.0,1631.0,-118.0748,38.6682,1140.2,"below 200-closed-px screen; NOT an identified fault; inspect shape, bands and 1m/field data"
2104,28,15,2285.57,1330.96,-118.4195,38.6595,282.8,"below 200-closed-px screen; NOT an identified fault; inspect shape, bands and 1m/field data"
2105,2,2,2282.5,1701.0,-117.9943,38.6666,170.7,"below 200-closed-px screen; NOT an identified fault; inspect shape, bands and 1m/field data"
2107,26,13,2290.69,1438.73,-118.2956,38.6563,100.0,"below 200-closed-px screen; NOT an identified fault; inspect shape, bands and 1m/field data"
2108,12,8,2288.67,1628.25,-118.0778,38.6603,532.8,"below 200-closed-px screen; NOT an identified fault; inspect shape, bands and 1m/field data"
2109,32,20,2291.91,1308.22,-118.4455,38.6534,100.0,"below 200-closed-px screen; NOT an identified fault; inspect shape, bands and 1m/field data"
2110,9,6,2291.67,1484.89,-118.2425,38.656,100.0,"below 200-closed-px screen; NOT an identified fault; inspect shape, bands and 1m/field data"
2111,13,8,2292.69,1623.08,-118.0837,38.6566,253.2,"below 200-closed-px screen; NOT an identified fault; inspect shape, bands and 1m/field data"
2112,29,19,2298.97,1491.93,-118.2343,38.6495,141.4,"below 200-closed-px screen; NOT an identified fault; inspect shape, bands and 1m/field data"
2113,11,9,2296.45,1682.55,-118.0153,38.6539,100.0,"below 200-closed-px screen; NOT an identified fault; inspect shape, bands and 1m/field data"
2114,1,1,2296.0,1301.0,-118.4537,38.6496,200.0,"below 200-closed-px screen; NOT an identified fault; inspect shape, bands and 1m/field data"
2115,1,1,2297.0,1442.0,-118.2917,38.6506,141.4,"below 200-closed-px screen; NOT an identified fault; inspect shape, bands and 1m/field data"
2116,4,3,2299.5,1444.0,-118.2894,38.6484,100.0,"below 200-closed-px screen; NOT an identified fault; inspect shape, bands and 1m/field data"
2117,1,1,2298.0,1890.0,-117.7769,38.6543,2400.0,"below 200-closed-px screen; NOT an identified fault; inspect shape, bands and 1m/field data"
2118,1,1,2299.0,1281.0,-118.4766,38.6466,500.0,"below 200-closed-px screen; NOT an identified fault; inspect shape, bands and 1m/field data"
2119,1,1,2299.0,1645.0,-118.0584,38.6512,1697.1,"below 200-closed-px screen; NOT an identified fault; inspect shape, bands and 1m/field data"
2120,10,7,2303.7,1703.0,-117.9917,38.6475,100.0,"below 200-closed-px screen; NOT an identified fault; inspect shape, bands and 1m/field data"
2121,1,1,2303.0,1310.0,-118.4432,38.6435,632.5,"below 200-closed-px screen; NOT an identified fault; inspect shape, bands and 1m/field data"
2122,2,2,2304.5,1582.5,-118.1302,38.6456,1152.1,"below 200-closed-px screen; NOT an identified fault; inspect shape, bands and 1m/field data"
2123,10,8,2306.1,1631.4,-118.074,38.6446,400.0,"below 200-closed-px screen; NOT an identified fault; inspect shape, bands and 1m/field data"
2124,1,1,2304.0,1650.0,-118.0526,38.6467,1769.2,"below 200-closed-px screen; NOT an identified fault; inspect shape, bands and 1m/field data"
2125,3,3,2305.33,1561.67,-118.1541,38.6446,100.0,"below 200-closed-px screen; NOT an identified fault; inspect shape, bands and 1m/field data"
2126,2,2,2306.0,1375.5,-118.3679,38.6417,150.0,"below 200-closed-px screen; NOT an identified fault; inspect shape, bands and 1m/field data"
2128,1,1,2307.0,1873.0,-117.7963,38.646,894.4,"below 200-closed-px screen; NOT an identified fault; inspect shape, bands and 1m/field data"
2129,20,12,2312.5,1380.25,-118.3624,38.6359,100.0,"below 200-closed-px screen; NOT an identified fault; inspect shape, bands and 1m/field data"
2131,1,1,2309.0,1567.0,-118.1479,38.6413,100.0,"below 200-closed-px screen; NOT an identified fault; inspect shape, bands and 1m/field data"
2132,86,53,2320.38,1573.66,-118.1401,38.6311,100.0,"below 200-closed-px screen; NOT an identified fault; inspect shape, bands and 1m/field data"
2133,1,1,2316.0,1714.0,-117.9789,38.6366,100.0,"below 200-closed-px screen; NOT an identified fault; inspect shape, bands and 1m/field data"
2134,194,112,2340.42,1474.94,-118.2532,38.6119,141.4,"below 200-closed-px screen; NOT an identified fault; inspect shape, bands and 1m/field data"
2135,1,1,2320.0,1776.0,-117.9077,38.6335,282.8,"below 200-closed-px screen; NOT an identified fault; inspect shape, bands and 1m/field data"
2136,1,1,2321.0,1589.0,-118.1225,38.6308,538.5,"below 200-closed-px screen; NOT an identified fault; inspect shape, bands and 1m/field data"
2137,3,2,2326.67,1387.67,-118.3536,38.6232,161.8,"below 200-closed-px screen; NOT an identified fault; inspect shape, bands and 1m/field data"
2138,2,2,2328.5,1663.0,-118.0374,38.6248,429.8,"below 200-closed-px screen; NOT an identified fault; inspect shape, bands and 1m/field data"
2141,3,3,2334.0,1632.67,-118.0721,38.6195,538.5,"below 200-closed-px screen; NOT an identified fault; inspect shape, bands and 1m/field data"
2142,1,1,2335.0,1299.0,-118.4553,38.6145,500.0,"below 200-closed-px screen; NOT an identified fault; inspect shape, bands and 1m/field data"
2143,2,2,2335.5,1325.0,-118.4254,38.6144,1978.6,"below 200-closed-px screen; NOT an identified fault; inspect shape, bands and 1m/field data"
2144,1,1,2335.0,1645.0,-118.0579,38.6187,1166.2,"below 200-closed-px screen; NOT an identified fault; inspect shape, bands and 1m/field data"
2145,6,6,2338.0,1764.17,-117.921,38.6172,291.4,"below 200-closed-px screen; NOT an identified fault; inspect shape, bands and 1m/field data"
2146,2,2,2340.0,1461.5,-118.2686,38.6121,1024.0,"below 200-closed-px screen; NOT an identified fault; inspect shape, bands and 1m/field data"
2147,1,1,2341.0,1464.0,-118.2657,38.6113,860.2,"below 200-closed-px screen; NOT an identified fault; inspect shape, bands and 1m/field data"
2148,1,1,2344.0,1669.0,-118.0303,38.6109,447.2,"below 200-closed-px screen; NOT an identified fault; inspect shape, bands and 1m/field data"
2149,1,1,2346.0,1471.0,-118.2576,38.6069,707.1,"below 200-closed-px screen; NOT an identified fault; inspect shape, bands and 1m/field data"
2150,4,4,2349.25,1319.25,-118.4318,38.6019,2314.1,"below 200-closed-px screen; NOT an identified fault; inspect shape, bands and 1m/field data"
2151,54,30,2355.61,1538.72,-118.1797,38.599,141.4,"below 200-closed-px screen; NOT an identified fault; inspect shape, bands and 1m/field data"
2152,2,2,2348.5,1744.0,-117.9441,38.6075,500.0,"below 200-closed-px screen; NOT an identified fault; inspect shape, bands and 1m/field data"
2153,35,22,2354.14,1750.11,-117.937,38.6025,120.7,"below 200-closed-px screen; NOT an identified fault; inspect shape, bands and 1m/field data"
2154,1,1,2350.0,1493.0,-118.2323,38.6035,707.1,"below 200-closed-px screen; NOT an identified fault; inspect shape, bands and 1m/field data"
2155,1,1,2350.0,1673.0,-118.0256,38.6055,200.0,"below 200-closed-px screen; NOT an identified fault; inspect shape, bands and 1m/field data"
2156,1,1,2350.0,1771.0,-117.9131,38.6064,500.0,"below 200-closed-px screen; NOT an identified fault; inspect shape, bands and 1m/field data"
2157,1,1,2351.0,1070.0,-118.7179,38.5965,824.6,"below 200-closed-px screen; NOT an identified fault; inspect shape, bands and 1m/field data"
2158,8,5,2353.5,1364.38,-118.3799,38.5987,141.4,"below 200-closed-px screen; NOT an identified fault; inspect shape, bands and 1m/field data"
2159,5,4,2354.4,1354.0,-118.3918,38.5978,120.7,"below 200-closed-px screen; NOT an identified fault; inspect shape, bands and 1m/field data"
2160,80,52,2359.9,1767.78,-117.9166,38.5975,500.0,"below 200-closed-px screen; NOT an identified fault; inspect shape, bands and 1m/field data"
2161,1,1,2353.0,1782.0,-117.9004,38.6038,412.3,"below 200-closed-px screen; NOT an identified fault; inspect shape, bands and 1m/field data"
2163,2,2,2354.5,1344.5,-118.4027,38.5975,478.6,"below 200-closed-px screen; NOT an identified fault; inspect shape, bands and 1m/field data"
2164,2,2,2354.5,1718.0,-117.9739,38.6019,100.0,"below 200-closed-px screen; NOT an identified fault; inspect shape, bands and 1m/field data"
2165,99,56,2365.11,1335.39,-118.413,38.5879,299.5,"below 200-closed-px screen; NOT an identified fault; inspect shape, bands and 1m/field data"
2166,132,84,2370.73,1624.17,-118.0814,38.5863,141.4,"below 200-closed-px screen; NOT an identified fault; inspect shape, bands and 1m/field data"
2167,89,37,2366.15,1490.11,-118.2353,38.5889,200.0,"below 200-closed-px screen; NOT an identified fault; inspect shape, bands and 1m/field data"
2168,16,9,2372.88,1502.12,-118.2215,38.583,200.0,"below 200-closed-px screen; NOT an identified fault; inspect shape, bands and 1m/field data"
2169,8,7,2370.62,1762.38,-117.9227,38.5878,200.0,"below 200-closed-px screen; NOT an identified fault; inspect shape, bands and 1m/field data"
2170,27,16,2375.3,1551.07,-118.1652,38.5814,100.0,"below 200-closed-px screen; NOT an identified fault; inspect shape, bands and 1m/field data"
2171,14,11,2375.36,1589.5,-118.1211,38.5818,2745.9,"below 200-closed-px screen; NOT an identified fault; inspect shape, bands and 1m/field data"
2172,30,13,2376.37,1352.17,-118.3935,38.5779,100.0,"below 200-closed-px screen; NOT an identified fault; inspect shape, bands and 1m/field data"
2173,4,4,2375.0,1370.25,-118.3728,38.5794,950.0,"below 200-closed-px screen; NOT an identified fault; inspect shape, bands and 1m/field data"
2174,106,72,2383.53,1777.29,-117.9055,38.5763,282.8,"below 200-closed-px screen; NOT an identified fault; inspect shape, bands and 1m/field data"
2175,1,1,2380.0,1580.0,-118.132,38.5775,2701.9,"below 200-closed-px screen; NOT an identified fault; inspect shape, bands and 1m/field data"
2176,1,1,2380.0,1598.0,-118.1113,38.5777,2334.5,"below 200-closed-px screen; NOT an identified fault; inspect shape, bands and 1m/field data"
2177,1,1,2382.0,1630.0,-118.0745,38.5762,100.0,"below 200-closed-px screen; NOT an identified fault; inspect shape, bands and 1m/field data"
2178,69,58,2395.07,1559.93,-118.1548,38.5637,360.6,"below 200-closed-px screen; NOT an identified fault; inspect shape, bands and 1m/field data"
2179,35,21,2385.86,1635.37,-118.0683,38.5728,141.4,"below 200-closed-px screen; NOT an identified fault; inspect shape, bands and 1m/field data"
2180,2,2,2385.0,1357.5,-118.3872,38.5702,900.0,"below 200-closed-px screen; NOT an identified fault; inspect shape, bands and 1m/field data"
2181,1,1,2392.0,1365.0,-118.3785,38.564,1746.4,"below 200-closed-px screen; NOT an identified fault; inspect shape, bands and 1m/field data"
2182,1,1,2392.0,1671.0,-118.0274,38.5676,922.0,"below 200-closed-px screen; NOT an identified fault; inspect shape, bands and 1m/field data"
2183,1,1,2395.0,1362.0,-118.3819,38.5613,1964.7,"below 200-closed-px screen; NOT an identified fault; inspect shape, bands and 1m/field data"
2184,6,6,2397.17,1780.33,-117.9018,38.564,338.4,"below 200-closed-px screen; NOT an identified fault; inspect shape, bands and 1m/field data"
2185,47,30,2401.34,1688.28,-118.0074,38.5594,902.8,"below 200-closed-px screen; NOT an identified fault; inspect shape, bands and 1m/field data"
2186,4,4,2399.25,1751.0,-117.9354,38.5619,2479.9,"below 200-closed-px screen; NOT an identified fault; inspect shape, bands and 1m/field data"
2187,3,3,2408.33,1801.67,-117.8772,38.5541,282.8,"below 200-closed-px screen; NOT an identified fault; inspect shape, bands and 1m/field data"
2188,1,1,2410.0,1565.0,-118.1487,38.5503,860.2,"below 200-closed-px screen; NOT an identified fault; inspect shape, bands and 1m/field data"
2189,6,5,2411.17,1808.67,-117.8691,38.5517,100.0,"below 200-closed-px screen; NOT an identified fault; inspect shape, bands and 1m/field data"
2190,1,1,2412.0,1701.0,-117.9927,38.5499,100.0,"below 200-closed-px screen; NOT an identified fault; inspect shape, bands and 1m/field data"
2192,14,11,2418.07,1731.71,-117.9574,38.5447,316.2,"below 200-closed-px screen; NOT an identified fault; inspect shape, bands and 1m/field data"
2193,3,3,2417.33,1704.0,-117.9892,38.5451,100.0,"below 200-closed-px screen; NOT an identified fault; inspect shape, bands and 1m/field data"
2194,1,1,2423.0,1706.0,-117.9868,38.5401,360.6,"below 200-closed-px screen; NOT an identified fault; inspect shape, bands and 1m/field data"
2195,10,10,2424.2,1821.5,-117.8543,38.54,211.8,"below 200-closed-px screen; NOT an identified fault; inspect shape, bands and 1m/field data"
2196,53,36,2435.04,1580.57,-118.1305,38.5279,338.4,"below 200-closed-px screen; NOT an identified fault; inspect shape, bands and 1m/field data"
2197,1,1,2425.0,1895.0,-117.7699,38.5399,400.0,"below 200-closed-px screen; NOT an identified fault; inspect shape, bands and 1m/field data"
2198,9,8,2427.67,1754.67,-117.9309,38.5363,1601.6,"below 200-closed-px screen; NOT an identified fault; inspect shape, bands and 1m/field data"
2199,3,2,2427.0,1892.0,-117.7734,38.5381,100.0,"below 200-closed-px screen; NOT an identified fault; inspect shape, bands and 1m/field data"
2200,1,1,2428.0,1308.0,-118.4433,38.5308,100.0,"below 200-closed-px screen; NOT an identified fault; inspect shape, bands and 1m/field data"
2202,24,23,2432.71,1829.08,-117.8455,38.5324,100.0,"below 200-closed-px screen; NOT an identified fault; inspect shape, bands and 1m/field data"
2203,7,7,2433.29,1348.29,-118.397,38.5266,500.0,"below 200-closed-px screen; NOT an identified fault; inspect shape, bands and 1m/field data"
2204,28,17,2434.93,1694.79,-117.9995,38.5292,1431.8,"below 200-closed-px screen; NOT an identified fault; inspect shape, bands and 1m/field data"
2205,1,1,2433.0,1766.0,-117.9178,38.5316,500.0,"below 200-closed-px screen; NOT an identified fault; inspect shape, bands and 1m/field data"
2206,1,1,2436.0,1593.0,-118.1163,38.5272,1414.2,"below 200-closed-px screen; NOT an identified fault; inspect shape, bands and 1m/field data"
2207,1,1,2437.0,1350.0,-118.3949,38.5233,860.2,"below 200-closed-px screen; NOT an identified fault; inspect shape, bands and 1m/field data"
2208,1,1,2438.0,1592.0,-118.1174,38.5254,1204.2,"below 200-closed-px screen; NOT an identified fault; inspect shape, bands and 1m/field data"
2209,2,2,2439.5,1800.5,-117.8782,38.5261,350.0,"below 200-closed-px screen; NOT an identified fault; inspect shape, bands and 1m/field data"
2210,125,67,2451.29,1830.95,-117.8431,38.5157,707.1,"below 200-closed-px screen; NOT an identified fault; inspect shape, bands and 1m/field data"
2211,2,2,2440.5,1899.0,-117.7652,38.5259,400.0,"below 200-closed-px screen; NOT an identified fault; inspect shape, bands and 1m/field data"
2212,15,13,2444.8,1775.6,-117.9067,38.5211,509.9,"below 200-closed-px screen; NOT an identified fault; inspect shape, bands and 1m/field data"
2213,1,1,2443.0,1900.0,-117.764,38.5237,538.5,"below 200-closed-px screen; NOT an identified fault; inspect shape, bands and 1m/field data"
2214,41,16,2451.59,1724.0,-117.9658,38.5145,120.7,"below 200-closed-px screen; NOT an identified fault; inspect shape, bands and 1m/field data"
2215,7,7,2450.29,1898.86,-117.7653,38.5171,141.4,"below 200-closed-px screen; NOT an identified fault; inspect shape, bands and 1m/field data"
2216,1,1,2450.0,1786.0,-117.8947,38.5165,509.9,"below 200-closed-px screen; NOT an identified fault; inspect shape, bands and 1m/field data"
2218,37,27,2456.78,1358.35,-118.385,38.5056,100.0,"below 200-closed-px screen; NOT an identified fault; inspect shape, bands and 1m/field data"
2219,1,1,2452.0,1587.0,-118.1229,38.5127,200.0,"below 200-closed-px screen; NOT an identified fault; inspect shape, bands and 1m/field data"
2220,4,3,2454.75,1809.75,-117.8674,38.5124,1360.1,"below 200-closed-px screen; NOT an identified fault; inspect shape, bands and 1m/field data"
2221,61,49,2463.89,1737.43,-117.9503,38.5035,141.4,"below 200-closed-px screen; NOT an identified fault; inspect shape, bands and 1m/field data"
2222,1,1,2456.0,1368.0,-118.374,38.5064,761.6,"below 200-closed-px screen; NOT an identified fault; inspect shape, bands and 1m/field data"
2223,1,1,2458.0,1336.0,-118.4106,38.5042,1019.8,"below 200-closed-px screen; NOT an identified fault; inspect shape, bands and 1m/field data"
2224,6,6,2460.17,1339.33,-118.4068,38.5023,1236.8,"below 200-closed-px screen; NOT an identified fault; inspect shape, bands and 1m/field data"
2225,4,3,2462.75,1825.0,-117.8498,38.5053,316.2,"below 200-closed-px screen; NOT an identified fault; inspect shape, bands and 1m/field data"
2226,1,1,2462.0,1904.0,-117.7593,38.5066,100.0,"below 200-closed-px screen; NOT an identified fault; inspect shape, bands and 1m/field data"
2227,2,2,2465.5,1599.0,-118.109,38.5007,1309.1,"below 200-closed-px screen; NOT an identified fault; inspect shape, bands and 1m/field data"
2228,46,25,2468.13,1504.11,-118.2177,38.4972,100.0,"below 200-closed-px screen; NOT an identified fault; inspect shape, bands and 1m/field data"
2229,4,2,2467.5,1821.0,-117.8544,38.501,100.0,"below 200-closed-px screen; NOT an identified fault; inspect shape, bands and 1m/field data"
2230,1,1,2467.0,1804.0,-117.8739,38.5013,1486.6,"below 200-closed-px screen; NOT an identified fault; inspect shape, bands and 1m/field data"
2232,3,3,2469.0,1486.0,-118.2385,38.4962,141.4,"below 200-closed-px screen; NOT an identified fault; inspect shape, bands and 1m/field data"
2233,1,1,2469.0,1803.0,-117.875,38.4995,1526.4,"below 200-closed-px screen; NOT an identified fault; inspect shape, bands and 1m/field data"
2234,76,46,2478.37,1666.3,-118.0316,38.4898,100.0,"below 200-closed-px screen; NOT an identified fault; inspect shape, bands and 1m/field data"
2235,2,2,2471.5,1608.0,-118.0986,38.4954,1692.4,"below 200-closed-px screen; NOT an identified fault; inspect shape, bands and 1m/field data"
2236,3,2,2471.0,1824.0,-117.8509,38.4979,200.0,"below 200-closed-px screen; NOT an identified fault; inspect shape, bands and 1m/field data"
2237,4,4,2473.5,1388.5,-118.3502,38.4909,1062.2,"below 200-closed-px screen; NOT an identified fault; inspect shape, bands and 1m/field data"
2238,4,4,2473.75,1437.5,-118.294,38.4913,956.0,"below 200-closed-px screen; NOT an identified fault; inspect shape, bands and 1m/field data"
2239,4,4,2474.5,1605.0,-118.102,38.4926,1278.4,"below 200-closed-px screen; NOT an identified fault; inspect shape, bands and 1m/field data"
2240,14,7,2475.86,1458.07,-118.2704,38.4897,100.0,"below 200-closed-px screen; NOT an identified fault; inspect shape, bands and 1m/field data"
2241,1,1,2475.0,1746.0,-117.9403,38.4936,600.0,"below 200-closed-px screen; NOT an identified fault; inspect shape, bands and 1m/field data"
2242,2,2,2476.0,1386.5,-118.3524,38.4886,874.4,"below 200-closed-px screen; NOT an identified fault; inspect shape, bands and 1m/field data"
2243,1,1,2476.0,1431.0,-118.3014,38.4892,761.6,"below 200-closed-px screen; NOT an identified fault; inspect shape, bands and 1m/field data"
2244,26,15,2478.58,1420.12,-118.3139,38.4868,424.3,"below 200-closed-px screen; NOT an identified fault; inspect shape, bands and 1m/field data"
2245,1,1,2477.0,1590.0,-118.1191,38.4902,100.0,"below 200-closed-px screen; NOT an identified fault; inspect shape, bands and 1m/field data"
2246,14,5,2481.21,1445.93,-118.2842,38.4847,282.8,"below 200-closed-px screen; NOT an identified fault; inspect shape, bands and 1m/field data"
2247,1,1,2479.0,1591.0,-118.118,38.4884,100.0,"below 200-closed-px screen; NOT an identified fault; inspect shape, bands and 1m/field data"
2248,6,3,2480.5,1748.67,-117.9372,38.4886,984.9,"below 200-closed-px screen; NOT an identified fault; inspect shape, bands and 1m/field data"
2249,1,1,2483.0,1479.0,-118.2463,38.4835,1100.0,"below 200-closed-px screen; NOT an identified fault; inspect shape, bands and 1m/field data"
2250,57,26,2487.39,1395.72,-118.3417,38.4785,100.0,"below 200-closed-px screen; NOT an identified fault; inspect shape, bands and 1m/field data"
2251,16,5,2487.88,1356.69,-118.3864,38.4775,100.0,"below 200-closed-px screen; NOT an identified fault; inspect shape, bands and 1m/field data"
2252,6,3,2487.5,1448.0,-118.2817,38.4791,509.9,"below 200-closed-px screen; NOT an identified fault; inspect shape, bands and 1m/field data"
2253,4,4,2486.25,1482.25,-118.2425,38.4806,815.4,"below 200-closed-px screen; NOT an identified fault; inspect shape, bands and 1m/field data"
2254,14,11,2488.93,1607.86,-118.0985,38.4797,640.3,"below 200-closed-px screen; NOT an identified fault; inspect shape, bands and 1m/field data"
2255,2,2,2485.5,1830.0,-117.8439,38.4849,392.4,"below 200-closed-px screen; NOT an identified fault; inspect shape, bands and 1m/field data"
2256,1,1,2486.0,1804.0,-117.8737,38.4842,824.6,"below 200-closed-px screen; NOT an identified fault; inspect shape, bands and 1m/field data"
2257,9,9,2488.11,1433.22,-118.2987,38.4783,200.0,"below 200-closed-px screen; NOT an identified fault; inspect shape, bands and 1m/field data"
2258,1,1,2490.0,1352.0,-118.3917,38.4756,600.0,"below 200-closed-px screen; NOT an identified fault; inspect shape, bands and 1m/field data"
2259,2,2,2491.5,1309.5,-118.4404,38.4736,1292.2,"below 200-closed-px screen; NOT an identified fault; inspect shape, bands and 1m/field data"
2260,3,3,2491.67,1471.33,-118.2549,38.4756,1923.5,"below 200-closed-px screen; NOT an identified fault; inspect shape, bands and 1m/field data"
2261,94,50,2497.3,1513.39,-118.2066,38.471,223.6,"below 200-closed-px screen; NOT an identified fault; inspect shape, bands and 1m/field data"
2262,5,4,2492.6,1129.8,-118.6463,38.4699,392.4,"below 200-closed-px screen; NOT an identified fault; inspect shape, bands and 1m/field data"
2263,1,1,2492.0,1401.0,-118.3355,38.4744,632.5,"below 200-closed-px screen; NOT an identified fault; inspect shape, bands and 1m/field data"
2264,3,2,2493.33,1386.67,-118.3519,38.473,250.0,"below 200-closed-px screen; NOT an identified fault; inspect shape, bands and 1m/field data"
2265,1,1,2494.0,1319.0,-118.4295,38.4715,1941.6,"below 200-closed-px screen; NOT an identified fault; inspect shape, bands and 1m/field data"
2266,3,3,2494.33,1730.33,-117.958,38.476,412.3,"below 200-closed-px screen; NOT an identified fault; inspect shape, bands and 1m/field data"
2267,1,1,2498.0,1819.0,-117.8564,38.4735,632.5,"below 200-closed-px screen; NOT an identified fault; inspect shape, bands and 1m/field data"
2269,105,75,2520.47,1621.17,-118.0828,38.4514,141.4,"below 200-closed-px screen; NOT an identified fault; inspect shape, bands and 1m/field data"
2270,3,3,2505.33,1337.67,-118.4079,38.4616,1476.5,"below 200-closed-px screen; NOT an identified fault; inspect shape, bands and 1m/field data"
2271,3,3,2506.0,1496.0,-118.2264,38.463,100.0,"below 200-closed-px screen; NOT an identified fault; inspect shape, bands and 1m/field data"
2272,1,1,2506.0,1332.0,-118.4144,38.4609,1555.6,"below 200-closed-px screen; NOT an identified fault; inspect shape, bands and 1m/field data"
2273,6,5,2508.83,1340.67,-118.4044,38.4584,1140.2,"below 200-closed-px screen; NOT an identified fault; inspect shape, bands and 1m/field data"
2274,24,16,2512.25,1487.54,-118.236,38.4573,839.5,"below 200-closed-px screen; NOT an identified fault; inspect shape, bands and 1m/field data"
2275,40,22,2515.1,1316.33,-118.4322,38.4525,100.0,"below 200-closed-px screen; NOT an identified fault; inspect shape, bands and 1m/field data"
2276,5,5,2513.2,1512.2,-118.2078,38.4567,1000.0,"below 200-closed-px screen; NOT an identified fault; inspect shape, bands and 1m/field data"
2277,1,1,2514.0,1686.0,-118.0086,38.4579,1964.7,"below 200-closed-px screen; NOT an identified fault; inspect shape, bands and 1m/field data"
2278,1,1,2515.0,1688.0,-118.0063,38.457,2137.8,"below 200-closed-px screen; NOT an identified fault; inspect shape, bands and 1m/field data"
2279,1,1,2516.0,1851.0,-117.8195,38.4575,707.1,"below 200-closed-px screen; NOT an identified fault; inspect shape, bands and 1m/field data"
2280,2,2,2519.0,1858.5,-117.8109,38.4549,429.8,"below 200-closed-px screen; NOT an identified fault; inspect shape, bands and 1m/field data"
2281,13,10,2521.15,1517.69,-118.2014,38.4496,1236.8,"below 200-closed-px screen; NOT an identified fault; inspect shape, bands and 1m/field data"
2282,1,1,2520.0,1754.0,-117.9306,38.4531,360.6,"below 200-closed-px screen; NOT an identified fault; inspect shape, bands and 1m/field data"
2283,1,1,2521.0,1862.0,-117.8068,38.4531,447.2,"below 200-closed-px screen; NOT an identified fault; inspect shape, bands and 1m/field data"
2284,36,21,2525.39,1529.03,-118.1883,38.4459,905.5,"below 200-closed-px screen; NOT an identified fault; inspect shape, bands and 1m/field data"
2285,6,2,2522.0,1641.5,-118.0595,38.4502,1795.0,"below 200-closed-px screen; NOT an identified fault; inspect shape, bands and 1m/field data"
2286,1,1,2522.0,1663.0,-118.0349,38.4504,400.0,"below 200-closed-px screen; NOT an identified fault; inspect shape, bands and 1m/field data"
2287,2,2,2522.0,1714.5,-117.9758,38.4509,1347.2,"below 200-closed-px screen; NOT an identified fault; inspect shape, bands and 1m/field data"
2288,1,1,2522.0,1868.0,-117.7999,38.4523,100.0,"below 200-closed-px screen; NOT an identified fault; inspect shape, bands and 1m/field data"
2289,1,1,2523.0,1648.0,-118.052,38.4494,1868.2,"below 200-closed-px screen; NOT an identified fault; inspect shape, bands and 1m/field data"
2290,5,4,2525.0,1759.8,-117.9239,38.4487,161.8,"below 200-closed-px screen; NOT an identified fault; inspect shape, bands and 1m/field data"
2291,7,7,2525.43,1321.71,-118.4258,38.4432,141.4,"below 200-closed-px screen; NOT an identified fault; inspect shape, bands and 1m/field data"
2292,26,15,2530.69,1507.65,-118.2127,38.4409,100.0,"below 200-closed-px screen; NOT an identified fault; inspect shape, bands and 1m/field data"
2293,2,2,2528.0,1553.5,-118.1602,38.4438,1297.3,"below 200-closed-px screen; NOT an identified fault; inspect shape, bands and 1m/field data"
2294,66,50,2539.06,1559.24,-118.1535,38.4339,1493.3,"below 200-closed-px screen; NOT an identified fault; inspect shape, bands and 1m/field data"
2295,191,113,2542.13,1708.02,-117.983,38.4327,200.0,"below 200-closed-px screen; NOT an identified fault; inspect shape, bands and 1m/field data"
2296,1,1,2532.0,1532.0,-118.1848,38.44,761.6,"below 200-closed-px screen; NOT an identified fault; inspect shape, bands and 1m/field data"
2297,22,11,2538.05,1872.41,-117.7947,38.4378,200.0,"below 200-closed-px screen; NOT an identified fault; inspect shape, bands and 1m/field data"
2298,1,1,2536.0,1538.0,-118.1779,38.4365,412.3,"below 200-closed-px screen; NOT an identified fault; inspect shape, bands and 1m/field data"
2299,14,11,2543.93,1517.64,-118.2011,38.4291,300.0,"below 200-closed-px screen; NOT an identified fault; inspect shape, bands and 1m/field data"
2300,58,39,2546.33,1771.47,-117.9103,38.4295,141.4,"below 200-closed-px screen; NOT an identified fault; inspect shape, bands and 1m/field data"
2301,1,1,2546.0,1503.0,-118.2178,38.427,1063.0,"below 200-closed-px screen; NOT an identified fault; inspect shape, bands and 1m/field data"
2303,2,2,2548.5,1661.0,-118.0368,38.4265,100.0,"below 200-closed-px screen; NOT an identified fault; inspect shape, bands and 1m/field data"
2304,1,1,2551.0,1316.0,-118.4319,38.4201,1923.5,"below 200-closed-px screen; NOT an identified fault; inspect shape, bands and 1m/field data"
2305,1,1,2552.0,1311.0,-118.4376,38.4191,1562.0,"below 200-closed-px screen; NOT an identified fault; inspect shape, bands and 1m/field data"
2306,3,3,2557.0,1781.33,-117.8989,38.42,100.0,"below 200-closed-px screen; NOT an identified fault; inspect shape, bands and 1m/field data"
2307,2,2,2559.5,1711.5,-117.9788,38.4171,100.0,"below 200-closed-px screen; NOT an identified fault; inspect shape, bands and 1m/field data"
2308,3,3,2559.0,1778.0,-117.9027,38.4182,412.3,"below 200-closed-px screen; NOT an identified fault; inspect shape, bands and 1m/field data"
2309,1,1,2565.0,1781.0,-117.8992,38.4128,640.3,"below 200-closed-px screen; NOT an identified fault; inspect shape, bands and 1m/field data"
2310,31,21,2577.0,1645.29,-118.0544,38.4007,100.0,"below 200-closed-px screen; NOT an identified fault; inspect shape, bands and 1m/field data"
2311,1,1,2572.0,1969.0,-117.6838,38.4079,9752.9,"below 200-closed-px screen; NOT an identified fault; inspect shape, bands and 1m/field data"
2312,1,1,2624.0,1659.0,-118.0381,38.3585,1170.5,"below 200-closed-px screen; NOT an identified fault; inspect shape, bands and 1m/field data"
2313,1,1,2627.0,1829.0,-117.8435,38.3573,900.0,"below 200-closed-px screen; NOT an identified fault; inspect shape, bands and 1m/field data"
2314,1,1,2631.0,1863.0,-117.8046,38.354,100.0,"below 200-closed-px screen; NOT an identified fault; inspect shape, bands and 1m/field data"
2315,1,1,2632.0,1816.0,-117.8584,38.3527,500.0,"below 200-closed-px screen; NOT an identified fault; inspect shape, bands and 1m/field data"
2316,1,1,2644.0,1786.0,-117.8926,38.3417,141.4,"below 200-closed-px screen; NOT an identified fault; inspect shape, bands and 1m/field data"
2317,1,1,2648.0,1829.0,-117.8433,38.3384,1503.3,"below 200-closed-px screen; NOT an identified fault; inspect shape, bands and 1m/field data"
2318,1,1,2649.0,1825.0,-117.8479,38.3375,1100.0,"below 200-closed-px screen; NOT an identified fault; inspect shape, bands and 1m/field data"
2319,3,3,2652.0,1790.33,-117.8875,38.3345,100.0,"below 200-closed-px screen; NOT an identified fault; inspect shape, bands and 1m/field data"
2320,1,1,2658.0,1826.0,-117.8466,38.3294,1100.0,"below 200-closed-px screen; NOT an identified fault; inspect shape, bands and 1m/field data"
2321,19,17,2663.89,1864.58,-117.8025,38.3244,100.0,"below 200-closed-px screen; NOT an identified fault; inspect shape, bands and 1m/field data"
2322,1,1,2661.0,1888.0,-117.7757,38.3272,100.0,"below 200-closed-px screen; NOT an identified fault; inspect shape, bands and 1m/field data"
2323,3,3,2667.0,1812.67,-117.8618,38.3212,100.0,"below 200-closed-px screen; NOT an identified fault; inspect shape, bands and 1m/field data"
2324,1,1,2668.0,1672.0,-118.0227,38.319,282.8,"below 200-closed-px screen; NOT an identified fault; inspect shape, bands and 1m/field data"
2325,118,52,2682.36,1674.48,-118.0197,38.306,223.6,"below 200-closed-px screen; NOT an identified fault; inspect shape, bands and 1m/field data"
2326,3,2,2674.0,1814.0,-117.8602,38.3149,161.8,"below 200-closed-px screen; NOT an identified fault; inspect shape, bands and 1m/field data"
2327,4,3,2677.0,1816.25,-117.8576,38.3122,565.7,"below 200-closed-px screen; NOT an identified fault; inspect shape, bands and 1m/field data"
2328,1,1,2697.0,1675.0,-118.0189,38.2929,1529.7,"below 200-closed-px screen; NOT an identified fault; inspect shape, bands and 1m/field data"
2329,7,5,2702.71,1682.43,-118.0103,38.2878,1486.6,"below 200-closed-px screen; NOT an identified fault; inspect shape, bands and 1m/field data"
2330,1,1,2705.0,1802.0,-117.8736,38.2868,100.0,"below 200-closed-px screen; NOT an identified fault; inspect shape, bands and 1m/field data"
2331,1,1,2706.0,1800.0,-117.8759,38.2859,100.0,"below 200-closed-px screen; NOT an identified fault; inspect shape, bands and 1m/field data"
2332,1,1,2708.0,1686.0,-118.0062,38.2831,984.9,"below 200-closed-px screen; NOT an identified fault; inspect shape, bands and 1m/field data"
2333,30,12,2716.57,1674.93,-118.0187,38.2752,200.0,"below 200-closed-px screen; NOT an identified fault; inspect shape, bands and 1m/field data"
2334,1,1,2719.0,1841.0,-117.8289,38.2745,282.8,"below 200-closed-px screen; NOT an identified fault; inspect shape, bands and 1m/field data"
2335,164,114,2745.66,1852.85,-117.815,38.2506,141.4,"below 200-closed-px screen; NOT an identified fault; inspect shape, bands and 1m/field data"
2336,1,1,2733.0,1704.0,-117.9853,38.2607,360.6,"below 200-closed-px screen; NOT an identified fault; inspect shape, bands and 1m/field data"
2337,17,10,2738.18,1702.35,-117.9871,38.256,100.0,"below 200-closed-px screen; NOT an identified fault; inspect shape, bands and 1m/field data"
2338,2,2,2739.0,1689.5,-118.0018,38.2552,1097.2,"below 200-closed-px screen; NOT an identified fault; inspect shape, bands and 1m/field data"
2339,6,3,2742.83,1708.33,-117.9802,38.2519,141.4,"below 200-closed-px screen; NOT an identified fault; inspect shape, bands and 1m/field data"
2340,2,2,2762.0,1688.5,-118.0026,38.2344,2567.6,"below 200-closed-px screen; NOT an identified fault; inspect shape, bands and 1m/field data"
2341,2,2,2763.0,1692.5,-117.9981,38.2336,2186.9,"below 200-closed-px screen; NOT an identified fault; inspect shape, bands and 1m/field data"
2342,30,12,2766.0,1707.0,-117.9815,38.231,888.2,"below 200-closed-px screen; NOT an identified fault; inspect shape, bands and 1m/field data"
2343,1,1,2830.0,2028.0,-117.6142,38.1758,12649.1,"below 200-closed-px screen; NOT an identified fault; inspect shape, bands and 1m/field data"
2344,2,2,2841.0,1682.5,-118.0085,38.1632,250.0,"below 200-closed-px screen; NOT an identified fault; inspect shape, bands and 1m/field data"
2345,1,1,2849.0,2022.0,-117.6209,38.1587,12394.4,"below 200-closed-px screen; NOT an identified fault; inspect shape, bands and 1m/field data"
2348,1,1,2904.0,1800.0,-117.8737,38.1075,600.0,"below 200-closed-px screen; NOT an identified fault; inspect shape, bands and 1m/field data"
2349,4,3,2905.25,1813.0,-117.8589,38.1065,100.0,"below 200-closed-px screen; NOT an identified fault; inspect shape, bands and 1m/field data"
2350,3,3,2921.67,2146.0,-117.479,38.0938,100.0,"below 200-closed-px screen; NOT an identified fault; inspect shape, bands and 1m/field data"
2351,1,1,2923.0,1826.0,-117.8439,38.0906,100.0,"below 200-closed-px screen; NOT an identified fault; inspect shape, bands and 1m/field data"
2352,25,13,2931.52,2155.48,-117.4681,38.085,1476.5,"below 200-closed-px screen; NOT an identified fault; inspect shape, bands and 1m/field data"
2354,8,6,2933.25,1827.75,-117.8418,38.0813,100.0,"below 200-closed-px screen; NOT an identified fault; inspect shape, bands and 1m/field data"
2355,1,1,2932.0,2133.0,-117.4937,38.0844,200.0,"below 200-closed-px screen; NOT an identified fault; inspect shape, bands and 1m/field data"
2356,2,2,2939.5,2135.0,-117.4914,38.0777,100.0,"below 200-closed-px screen; NOT an identified fault; inspect shape, bands and 1m/field data"
2357,8,4,2945.75,1403.88,-118.3248,38.0656,3047.8,"below 200-closed-px screen; NOT an identified fault; inspect shape, bands and 1m/field data"
2358,1,1,2944.0,2194.0,-117.4241,38.0739,1513.3,"below 200-closed-px screen; NOT an identified fault; inspect shape, bands and 1m/field data"
2359,17,8,2947.88,1360.76,-118.3739,38.0631,308.1,"below 200-closed-px screen; NOT an identified fault; inspect shape, bands and 1m/field data"
2361,5,4,2950.0,2193.0,-117.4252,38.0685,1588.8,"below 200-closed-px screen; NOT an identified fault; inspect shape, bands and 1m/field data"
2362,1,1,2949.0,2178.0,-117.4423,38.0693,282.8,"below 200-closed-px screen; NOT an identified fault; inspect shape, bands and 1m/field data"
2363,49,34,2959.55,1792.78,-117.8814,38.0574,141.4,"below 200-closed-px screen; NOT an identified fault; inspect shape, bands and 1m/field data"
2364,1,1,2965.0,2187.0,-117.432,38.055,900.0,"below 200-closed-px screen; NOT an identified fault; inspect shape, bands and 1m/field data"
2365,1,1,2966.0,1368.0,-118.3653,38.0469,1612.5,"below 200-closed-px screen; NOT an identified fault; inspect shape, bands and 1m/field data"
2366,1,1,2967.0,1623.0,-118.0748,38.049,565.7,"below 200-closed-px screen; NOT an identified fault; inspect shape, bands and 1m/field data"
2367,2,2,2967.5,2183.5,-117.436,38.0527,573.4,"below 200-closed-px screen; NOT an identified fault; inspect shape, bands and 1m/field data"
2368,7,4,2970.14,1610.57,-118.0889,38.0461,120.7,"below 200-closed-px screen; NOT an identified fault; inspect shape, bands and 1m/field data"
2369,24,19,2981.38,2191.62,-117.4266,38.0402,984.9,"below 200-closed-px screen; NOT an identified fault; inspect shape, bands and 1m/field data"
2370,1,1,2985.0,1973.0,-117.6757,38.0358,360.6,"below 200-closed-px screen; NOT an identified fault; inspect shape, bands and 1m/field data"
2371,123,80,2998.49,1966.81,-117.6827,38.0236,100.0,"below 200-closed-px screen; NOT an identified fault; inspect shape, bands and 1m/field data"
2372,1,1,2994.0,1496.0,-118.2191,38.0233,670.8,"below 200-closed-px screen; NOT an identified fault; inspect shape, bands and 1m/field data"
2373,2,2,2995.5,1498.0,-118.2168,38.022,703.6,"below 200-closed-px screen; NOT an identified fault; inspect shape, bands and 1m/field data"
2374,3,2,3002.67,1553.67,-118.1533,38.0161,1915.7,"below 200-closed-px screen; NOT an identified fault; inspect shape, bands and 1m/field data"
2375,1,1,3004.0,1534.0,-118.1756,38.0147,2059.1,"below 200-closed-px screen; NOT an identified fault; inspect shape, bands and 1m/field data"
2376,16,11,3007.38,1564.06,-118.1414,38.012,905.5,"below 200-closed-px screen; NOT an identified fault; inspect shape, bands and 1m/field data"
2377,3,3,3004.67,2090.33,-117.5419,38.0187,200.0,"below 200-closed-px screen; NOT an identified fault; inspect shape, bands and 1m/field data"
2378,22,16,3009.14,2165.68,-117.456,38.0151,100.0,"below 200-closed-px screen; NOT an identified fault; inspect shape, bands and 1m/field data"
2379,39,17,3006.18,1543.44,-118.1649,38.0129,2284.7,"below 200-closed-px screen; NOT an identified fault; inspect shape, bands and 1m/field data"
2380,1,1,3005.0,1555.0,-118.1517,38.0141,1627.9,"below 200-closed-px screen; NOT an identified fault; inspect shape, bands and 1m/field data"
2382,20,17,3013.0,2092.85,-117.539,38.0112,223.6,"below 200-closed-px screen; NOT an identified fault; inspect shape, bands and 1m/field data"
2383,4,4,3017.0,1640.5,-118.0542,38.0042,450.0,"below 200-closed-px screen; NOT an identified fault; inspect shape, bands and 1m/field data"
2384,1,1,3018.0,2190.0,-117.4283,38.0072,400.0,"below 200-closed-px screen; NOT an identified fault; inspect shape, bands and 1m/field data"
2385,85,33,3026.2,2189.13,-117.4292,37.9998,200.0,"below 200-closed-px screen; NOT an identified fault; inspect shape, bands and 1m/field data"
2386,1,1,3022.0,1249.0,-118.4999,37.9948,707.1,"below 200-closed-px screen; NOT an identified fault; inspect shape, bands and 1m/field data"
2387,1,1,3022.0,1559.0,-118.1469,37.9988,860.2,"below 200-closed-px screen; NOT an identified fault; inspect shape, bands and 1m/field data"
2388,3,3,3022.0,1567.0,-118.1378,37.9989,447.2,"below 200-closed-px screen; NOT an identified fault; inspect shape, bands and 1m/field data"
2389,122,48,3028.82,1211.18,-118.5428,37.9881,1634.0,"below 200-closed-px screen; NOT an identified fault; inspect shape, bands and 1m/field data"
2390,2,2,3023.0,1435.5,-118.2875,37.9964,392.4,"below 200-closed-px screen; NOT an identified fault; inspect shape, bands and 1m/field data"
2391,7,7,3026.14,1245.29,-118.5041,37.991,1272.8,"below 200-closed-px screen; NOT an identified fault; inspect shape, bands and 1m/field data"
2392,4,3,3025.0,1535.5,-118.1736,37.9958,3201.6,"below 200-closed-px screen; NOT an identified fault; inspect shape, bands and 1m/field data"
2393,10,10,3028.5,1599.2,-118.1011,37.9934,850.0,"below 200-closed-px screen; NOT an identified fault; inspect shape, bands and 1m/field data"
2394,23,22,3031.35,1381.65,-118.3487,37.9882,1922.2,"below 200-closed-px screen; NOT an identified fault; inspect shape, bands and 1m/field data"
2395,1,1,3029.0,2162.0,-117.4601,37.9972,1044.0,"below 200-closed-px screen; NOT an identified fault; inspect shape, bands and 1m/field data"
2396,5,3,3030.6,1780.8,-117.8942,37.9932,1204.2,"below 200-closed-px screen; NOT an identified fault; inspect shape, bands and 1m/field data"
2397,15,7,3033.13,1420.2,-118.3048,37.9871,100.0,"below 200-closed-px screen; NOT an identified fault; inspect shape, bands and 1m/field data"
2398,1,1,3034.0,1777.0,-117.8985,37.9901,1300.0,"below 200-closed-px screen; NOT an identified fault; inspect shape, bands and 1m/field data"
2399,1,1,3036.0,1370.0,-118.3619,37.9839,1726.3,"below 200-closed-px screen; NOT an identified fault; inspect shape, bands and 1m/field data"
2400,1,1,3036.0,1376.0,-118.3551,37.9839,1923.5,"below 200-closed-px screen; NOT an identified fault; inspect shape, bands and 1m/field data"
2401,38,17,3043.32,1405.26,-118.3216,37.9777,100.0,"below 200-closed-px screen; NOT an identified fault; inspect shape, bands and 1m/field data"
2402,13,9,3041.0,2165.15,-117.4565,37.9864,2002.5,"below 200-closed-px screen; NOT an identified fault; inspect shape, bands and 1m/field data"
2403,5,4,3046.6,1383.0,-118.3469,37.9745,652.1,"below 200-closed-px screen; NOT an identified fault; inspect shape, bands and 1m/field data"
2404,7,6,3046.71,2167.86,-117.4534,37.9812,1759.2,"below 200-closed-px screen; NOT an identified fault; inspect shape, bands and 1m/field data"
2405,1,1,3046.0,2186.0,-117.4327,37.9819,100.0,"below 200-closed-px screen; NOT an identified fault; inspect shape, bands and 1m/field data"
2406,1,1,3048.0,1393.0,-118.3355,37.9734,100.0,"below 200-closed-px screen; NOT an identified fault; inspect shape, bands and 1m/field data"
2407,1,1,3049.0,2185.0,-117.4338,37.9792,141.4,"below 200-closed-px screen; NOT an identified fault; inspect shape, bands and 1m/field data"
2408,36,18,3054.36,2056.5,-117.5801,37.9738,2233.8,"below 200-closed-px screen; NOT an identified fault; inspect shape, bands and 1m/field data"
2409,1,1,3053.0,2174.0,-117.4463,37.9756,1104.5,"below 200-closed-px screen; NOT an identified fault; inspect shape, bands and 1m/field data"
2410,1,1,3055.0,2024.0,-117.6171,37.973,632.5,"below 200-closed-px screen; NOT an identified fault; inspect shape, bands and 1m/field data"
2411,3,3,3055.67,2172.0,-117.4486,37.9732,1300.0,"below 200-closed-px screen; NOT an identified fault; inspect shape, bands and 1m/field data"
2412,1,1,3057.0,2022.0,-117.6194,37.9712,800.0,"below 200-closed-px screen; NOT an identified fault; inspect shape, bands and 1m/field data"
2413,1,1,3059.0,1797.0,-117.8755,37.9678,3000.0,"below 200-closed-px screen; NOT an identified fault; inspect shape, bands and 1m/field data"
2414,2,2,3059.0,2035.5,-117.604,37.9695,541.5,"below 200-closed-px screen; NOT an identified fault; inspect shape, bands and 1m/field data"
2415,66,35,3063.55,1366.52,-118.3654,37.959,200.0,"below 200-closed-px screen; NOT an identified fault; inspect shape, bands and 1m/field data"
2416,1,1,3061.0,2038.0,-117.6011,37.9677,800.0,"below 200-closed-px screen; NOT an identified fault; inspect shape, bands and 1m/field data"
2417,1,1,3062.0,1800.0,-117.872,37.9651,3306.1,"below 200-closed-px screen; NOT an identified fault; inspect shape, bands and 1m/field data"
2418,31,20,3074.94,2186.13,-117.4324,37.9559,100.0,"below 200-closed-px screen; NOT an identified fault; inspect shape, bands and 1m/field data"
2420,2,2,3068.0,2019.5,-117.6221,37.9613,657.7,"below 200-closed-px screen; NOT an identified fault; inspect shape, bands and 1m/field data"
2421,20,10,3073.55,2023.95,-117.617,37.9563,100.0,"below 200-closed-px screen; NOT an identified fault; inspect shape, bands and 1m/field data"
2422,88,54,3077.36,2241.74,-117.3691,37.9539,120.7,"below 200-closed-px screen; NOT an identified fault; inspect shape, bands and 1m/field data"
2423,4,4,3072.25,1799.75,-117.8722,37.9558,3461.9,"below 200-closed-px screen; NOT an identified fault; inspect shape, bands and 1m/field data"
2425,77,52,3099.04,2153.73,-117.4692,37.934,2648.6,"below 200-closed-px screen; NOT an identified fault; inspect shape, bands and 1m/field data"
2426,1,1,3094.0,2184.0,-117.4347,37.9387,100.0,"below 200-closed-px screen; NOT an identified fault; inspect shape, bands and 1m/field data"
2427,1,1,3095.0,2182.0,-117.437,37.9378,100.0,"below 200-closed-px screen; NOT an identified fault; inspect shape, bands and 1m/field data"
2428,1,1,3097.0,1799.0,-117.8728,37.9335,3100.0,"below 200-closed-px screen; NOT an identified fault; inspect shape, bands and 1m/field data"
2429,3,3,3098.0,2181.0,-117.4381,37.9351,100.0,"below 200-closed-px screen; NOT an identified fault; inspect shape, bands and 1m/field data"
2430,9,4,3102.0,1801.67,-117.8697,37.9291,2960.2,"below 200-closed-px screen; NOT an identified fault; inspect shape, bands and 1m/field data"
2431,2,2,3100.5,2231.0,-117.3812,37.933,182.5,"below 200-closed-px screen; NOT an identified fault; inspect shape, bands and 1m/field data"
2432,3,2,3101.0,1343.0,-118.3915,37.9249,280.3,"below 200-closed-px screen; NOT an identified fault; inspect shape, bands and 1m/field data"
2433,1,1,3103.0,1346.0,-118.3881,37.9232,100.0,"below 200-closed-px screen; NOT an identified fault; inspect shape, bands and 1m/field data"
2434,4,4,3105.5,2228.5,-117.384,37.9285,100.0,"below 200-closed-px screen; NOT an identified fault; inspect shape, bands and 1m/field data"
2435,2,2,3109.5,1991.5,-117.6537,37.9237,2673.4,"below 200-closed-px screen; NOT an identified fault; inspect shape, bands and 1m/field data"
2436,83,63,3120.18,2154.45,-117.4682,37.9149,1843.9,"below 200-closed-px screen; NOT an identified fault; inspect shape, bands and 1m/field data"
2437,5,4,3112.8,1778.6,-117.8958,37.9191,1299.5,"below 200-closed-px screen; NOT an identified fault; inspect shape, bands and 1m/field data"
2438,1,1,3115.0,1344.0,-118.3902,37.9123,608.3,"below 200-closed-px screen; NOT an identified fault; inspect shape, bands and 1m/field data"
2439,1,1,3115.0,2177.0,-117.4426,37.9197,100.0,"below 200-closed-px screen; NOT an identified fault; inspect shape, bands and 1m/field data"
2440,1,1,3116.0,2175.0,-117.4449,37.9188,100.0,"below 200-closed-px screen; NOT an identified fault; inspect shape, bands and 1m/field data"
2441,2,2,3118.5,2174.0,-117.446,37.9166,100.0,"below 200-closed-px screen; NOT an identified fault; inspect shape, bands and 1m/field data"
2442,8,5,3122.38,2028.38,-117.6116,37.9123,2816.0,"below 200-closed-px screen; NOT an identified fault; inspect shape, bands and 1m/field data"
2444,17,13,3136.71,2155.65,-117.4668,37.9001,1081.7,"below 200-closed-px screen; NOT an identified fault; inspect shape, bands and 1m/field data"
2445,2,2,3141.5,1997.0,-117.6472,37.8949,150.0,"below 200-closed-px screen; NOT an identified fault; inspect shape, bands and 1m/field data"
2446,1,1,3141.0,2152.0,-117.4709,37.8962,1315.3,"below 200-closed-px screen; NOT an identified fault; inspect shape, bands and 1m/field data"
2447,1,1,3148.0,2015.0,-117.6266,37.8891,100.0,"below 200-closed-px screen; NOT an identified fault; inspect shape, bands and 1m/field data"
2448,1,1,3155.0,2141.0,-117.4833,37.8835,1788.9,"below 200-closed-px screen; NOT an identified fault; inspect shape, bands and 1m/field data"
2449,2,2,3157.0,1986.5,-117.659,37.8809,100.0,"below 200-closed-px screen; NOT an identified fault; inspect shape, bands and 1m/field data"
2450,2,2,3159.5,2136.5,-117.4884,37.8794,2027.0,"below 200-closed-px screen; NOT an identified fault; inspect shape, bands and 1m/field data"
2451,3,3,3167.67,2056.0,-117.5799,37.8717,100.0,"below 200-closed-px screen; NOT an identified fault; inspect shape, bands and 1m/field data"
2452,4,4,3169.25,2084.25,-117.5477,37.8704,120.7,"below 200-closed-px screen; NOT an identified fault; inspect shape, bands and 1m/field data"
2453,1,1,3169.0,2171.0,-117.4491,37.871,854.4,"below 200-closed-px screen; NOT an identified fault; inspect shape, bands and 1m/field data"
2454,1,1,3170.0,2058.0,-117.5776,37.8696,141.4,"below 200-closed-px screen; NOT an identified fault; inspect shape, bands and 1m/field data"
2455,2,2,3174.5,2171.5,-117.4485,37.8661,1153.2,"below 200-closed-px screen; NOT an identified fault; inspect shape, bands and 1m/field data"
2456,7,5,3176.71,2117.86,-117.5095,37.8638,700.0,"below 200-closed-px screen; NOT an identified fault; inspect shape, bands and 1m/field data"
2457,1,1,3178.0,2069.0,-117.565,37.8624,800.0,"below 200-closed-px screen; NOT an identified fault; inspect shape, bands and 1m/field data"
2458,6,4,3181.5,2173.33,-117.4464,37.8598,1806.5,"below 200-closed-px screen; NOT an identified fault; inspect shape, bands and 1m/field data"
2459,13,9,3186.38,2170.46,-117.4496,37.8554,1811.1,"below 200-closed-px screen; NOT an identified fault; inspect shape, bands and 1m/field data"
2461,1,1,3196.0,2057.0,-117.5785,37.8461,1503.3,"below 200-closed-px screen; NOT an identified fault; inspect shape, bands and 1m/field data"
2462,4,4,3197.5,2172.25,-117.4475,37.8453,1917.0,"below 200-closed-px screen; NOT an identified fault; inspect shape, bands and 1m/field data"
2463,9,6,3202.78,1793.0,-117.8785,37.8382,141.4,"below 200-closed-px screen; NOT an identified fault; inspect shape, bands and 1m/field data"
2464,13,5,3203.92,2174.08,-117.4454,37.8396,2280.4,"below 200-closed-px screen; NOT an identified fault; inspect shape, bands and 1m/field data"
2465,1,1,3213.0,1767.0,-117.9079,37.8287,412.3,"below 200-closed-px screen; NOT an identified fault; inspect shape, bands and 1m/field data"
2466,1,1,3213.0,2176.0,-117.4432,37.8314,2601.9,"below 200-closed-px screen; NOT an identified fault; inspect shape, bands and 1m/field data"
2467,1,1,3214.0,1499.0,-118.2124,37.8251,100.0,"below 200-closed-px screen; NOT an identified fault; inspect shape, bands and 1m/field data"
2468,1,1,3215.0,2177.0,-117.442,37.8296,2716.6,"below 200-closed-px screen; NOT an identified fault; inspect shape, bands and 1m/field data"
2469,1,1,3217.0,1566.0,-118.1362,37.8231,707.1,"below 200-closed-px screen; NOT an identified fault; inspect shape, bands and 1m/field data"
2470,1,1,3219.0,1720.0,-117.9613,37.8229,608.3,"below 200-closed-px screen; NOT an identified fault; inspect shape, bands and 1m/field data"
2471,1,1,3222.0,1748.0,-117.9294,37.8204,1303.8,"below 200-closed-px screen; NOT an identified fault; inspect shape, bands and 1m/field data"
2472,1,1,3222.0,2184.0,-117.4341,37.8233,3544.0,"below 200-closed-px screen; NOT an identified fault; inspect shape, bands and 1m/field data"
2473,1,1,3224.0,1749.0,-117.9283,37.8187,1431.8,"below 200-closed-px screen; NOT an identified fault; inspect shape, bands and 1m/field data"
2474,3,2,3225.0,2183.0,-117.4352,37.8206,3548.0,"below 200-closed-px screen; NOT an identified fault; inspect shape, bands and 1m/field data"
2475,19,12,3229.0,2008.58,-117.6333,37.8161,5907.0,"below 200-closed-px screen; NOT an identified fault; inspect shape, bands and 1m/field data"
2476,5,4,3230.6,1792.0,-117.8793,37.8131,100.0,"below 200-closed-px screen; NOT an identified fault; inspect shape, bands and 1m/field data"
2477,1,1,3234.0,2189.0,-117.4283,37.8125,4318.6,"below 200-closed-px screen; NOT an identified fault; inspect shape, bands and 1m/field data"
2478,2,2,3234.5,2237.5,-117.3732,37.8123,5354.3,"below 200-closed-px screen; NOT an identified fault; inspect shape, bands and 1m/field data"
2479,2,2,3238.5,1725.0,-117.9554,37.8054,200.0,"below 200-closed-px screen; NOT an identified fault; inspect shape, bands and 1m/field data"
2480,1,1,3238.0,1791.0,-117.8804,37.8064,200.0,"below 200-closed-px screen; NOT an identified fault; inspect shape, bands and 1m/field data"
2481,1,1,3238.0,2235.0,-117.376,37.8091,5069.5,"below 200-closed-px screen; NOT an identified fault; inspect shape, bands and 1m/field data"
2482,11,10,3242.09,1549.36,-118.1548,37.8003,1303.8,"below 200-closed-px screen; NOT an identified fault; inspect shape, bands and 1m/field data"
2483,1,1,3243.0,2189.0,-117.4283,37.8044,4304.6,"below 200-closed-px screen; NOT an identified fault; inspect shape, bands and 1m/field data"
2484,4,2,3246.0,1726.5,-117.9536,37.7986,150.0,"below 200-closed-px screen; NOT an identified fault; inspect shape, bands and 1m/field data"
2485,1,1,3252.0,2148.0,-117.4748,37.7961,707.1,"below 200-closed-px screen; NOT an identified fault; inspect shape, bands and 1m/field data"
2486,1,1,3254.0,2151.0,-117.4714,37.7943,1063.0,"below 200-closed-px screen; NOT an identified fault; inspect shape, bands and 1m/field data"
2487,2,2,3264.5,1984.5,-117.6604,37.784,7590.0,"below 200-closed-px screen; NOT an identified fault; inspect shape, bands and 1m/field data"
2489,11,8,3273.09,1731.0,-117.9481,37.7742,100.0,"below 200-closed-px screen; NOT an identified fault; inspect shape, bands and 1m/field data"
2490,2,2,3272.5,2007.0,-117.6348,37.7769,6698.0,"below 200-closed-px screen; NOT an identified fault; inspect shape, bands and 1m/field data"
2491,56,28,3279.54,2163.86,-117.4566,37.7714,2305.4,"below 200-closed-px screen; NOT an identified fault; inspect shape, bands and 1m/field data"
2492,1,1,3275.0,2006.0,-117.6359,37.7746,6438.2,"below 200-closed-px screen; NOT an identified fault; inspect shape, bands and 1m/field data"
2493,1,1,3279.0,1732.0,-117.9469,37.7689,100.0,"below 200-closed-px screen; NOT an identified fault; inspect shape, bands and 1m/field data"
2494,2,2,3279.5,2005.0,-117.637,37.7706,5980.2,"below 200-closed-px screen; NOT an identified fault; inspect shape, bands and 1m/field data"
2495,8,7,3284.5,2091.88,-117.5383,37.7665,500.0,"below 200-closed-px screen; NOT an identified fault; inspect shape, bands and 1m/field data"
2496,1,1,3283.0,2077.0,-117.5552,37.7678,141.4,"below 200-closed-px screen; NOT an identified fault; inspect shape, bands and 1m/field data"
2497,175,114,3303.38,2078.77,-117.5531,37.7495,141.4,"below 200-closed-px screen; NOT an identified fault; inspect shape, bands and 1m/field data"
2498,189,102,3295.97,1657.08,-118.0318,37.7529,282.8,"below 200-closed-px screen; NOT an identified fault; inspect shape, bands and 1m/field data"
2499,6,4,3289.33,2246.83,-117.3624,37.7629,100.0,"below 200-closed-px screen; NOT an identified fault; inspect shape, bands and 1m/field data"
2500,9,4,3289.67,1573.56,-118.1267,37.7577,554.1,"below 200-closed-px screen; NOT an identified fault; inspect shape, bands and 1m/field data"
2501,87,56,3296.29,2166.14,-117.4539,37.7563,703.6,"below 200-closed-px screen; NOT an identified fault; inspect shape, bands and 1m/field data"
2503,1,1,3305.0,1669.0,-118.0181,37.7449,1720.5,"below 200-closed-px screen; NOT an identified fault; inspect shape, bands and 1m/field data"
2504,1,1,3307.0,1649.0,-118.0408,37.7429,1216.6,"below 200-closed-px screen; NOT an identified fault; inspect shape, bands and 1m/field data"
2506,1,1,3309.0,1841.0,-117.8229,37.7428,200.0,"below 200-closed-px screen; NOT an identified fault; inspect shape, bands and 1m/field data"
2507,7,5,3311.71,2228.29,-117.3833,37.7426,1208.3,"below 200-closed-px screen; NOT an identified fault; inspect shape, bands and 1m/field data"
2508,1,1,3313.0,1839.0,-117.8251,37.7392,200.0,"below 200-closed-px screen; NOT an identified fault; inspect shape, bands and 1m/field data"
2509,3,2,3319.0,1577.0,-118.1224,37.7313,825.0,"below 200-closed-px screen; NOT an identified fault; inspect shape, bands and 1m/field data"
2510,4,2,3321.5,1571.5,-118.1286,37.729,1202.1,"below 200-closed-px screen; NOT an identified fault; inspect shape, bands and 1m/field data"
2511,1,1,3322.0,2198.0,-117.4176,37.7332,100.0,"below 200-closed-px screen; NOT an identified fault; inspect shape, bands and 1m/field data"
2512,1,1,3324.0,2195.0,-117.421,37.7314,200.0,"below 200-closed-px screen; NOT an identified fault; inspect shape, bands and 1m/field data"
2513,1,1,3327.0,2227.0,-117.3847,37.7288,640.3,"below 200-closed-px screen; NOT an identified fault; inspect shape, bands and 1m/field data"
2514,1,1,3328.0,2196.0,-117.4199,37.7278,100.0,"below 200-closed-px screen; NOT an identified fault; inspect shape, bands and 1m/field data"
2515,1,1,3329.0,2229.0,-117.3824,37.727,360.6,"below 200-closed-px screen; NOT an identified fault; inspect shape, bands and 1m/field data"
2516,12,7,3332.25,1836.25,-117.8281,37.7218,100.0,"below 200-closed-px screen; NOT an identified fault; inspect shape, bands and 1m/field data"
2518,1,1,3333.0,2214.0,-117.3994,37.7234,1360.1,"below 200-closed-px screen; NOT an identified fault; inspect shape, bands and 1m/field data"
2519,7,5,3336.57,2089.43,-117.5408,37.7196,721.1,"below 200-closed-px screen; NOT an identified fault; inspect shape, bands and 1m/field data"
2520,1,1,3335.0,2221.0,-117.3915,37.7216,721.1,"below 200-closed-px screen; NOT an identified fault; inspect shape, bands and 1m/field data"
2521,4,3,3338.5,2175.0,-117.4437,37.7183,100.0,"below 200-closed-px screen; NOT an identified fault; inspect shape, bands and 1m/field data"
2522,1,1,3339.0,1659.0,-118.0291,37.7142,100.0,"below 200-closed-px screen; NOT an identified fault; inspect shape, bands and 1m/field data"
2523,15,8,3342.27,2094.8,-117.5346,37.7145,921.7,"below 200-closed-px screen; NOT an identified fault; inspect shape, bands and 1m/field data"
2525,1,1,3342.0,2174.0,-117.4448,37.7151,100.0,"below 200-closed-px screen; NOT an identified fault; inspect shape, bands and 1m/field data"
2526,44,17,3349.18,1656.45,-118.0318,37.705,100.0,"below 200-closed-px screen; NOT an identified fault; inspect shape, bands and 1m/field data"
2527,2,2,3346.5,2168.0,-117.4515,37.711,386.4,"below 200-closed-px screen; NOT an identified fault; inspect shape, bands and 1m/field data"
2528,6,6,3349.67,1950.33,-117.6985,37.707,3542.6,"below 200-closed-px screen; NOT an identified fault; inspect shape, bands and 1m/field data"
2529,5,4,3351.2,1992.6,-117.6505,37.7059,100.0,"below 200-closed-px screen; NOT an identified fault; inspect shape, bands and 1m/field data"
2530,1,1,3354.0,1990.0,-117.6534,37.7033,100.0,"below 200-closed-px screen; NOT an identified fault; inspect shape, bands and 1m/field data"
2531,1,1,3355.0,1987.0,-117.6568,37.7024,100.0,"below 200-closed-px screen; NOT an identified fault; inspect shape, bands and 1m/field data"
2532,36,28,3362.44,2113.47,-117.5133,37.6964,1208.3,"below 200-closed-px screen; NOT an identified fault; inspect shape, bands and 1m/field data"
2534,3,3,3358.0,1949.0,-117.6999,37.6995,3352.6,"below 200-closed-px screen; NOT an identified fault; inspect shape, bands and 1m/field data"
2535,1,1,3358.0,1984.0,-117.6602,37.6997,141.4,"below 200-closed-px screen; NOT an identified fault; inspect shape, bands and 1m/field data"
2536,1,1,3364.0,1672.0,-118.014,37.6918,2080.9,"below 200-closed-px screen; NOT an identified fault; inspect shape, bands and 1m/field data"
2537,5,2,3366.0,1918.0,-117.735,37.692,6306.3,"below 200-closed-px screen; NOT an identified fault; inspect shape, bands and 1m/field data"
2538,1,1,3365.0,2156.0,-117.4651,37.6943,360.6,"below 200-closed-px screen; NOT an identified fault; inspect shape, bands and 1m/field data"
2539,1,1,3366.0,2179.0,-117.439,37.6935,141.4,"below 200-closed-px screen; NOT an identified fault; inspect shape, bands and 1m/field data"
2540,1,1,3367.0,2170.0,-117.4492,37.6926,500.0,"below 200-closed-px screen; NOT an identified fault; inspect shape, bands and 1m/field data"
2541,3,3,3369.0,2141.0,-117.482,37.6906,1523.2,"below 200-closed-px screen; NOT an identified fault; inspect shape, bands and 1m/field data"
2542,1,1,3369.0,2157.0,-117.4639,37.6907,100.0,"below 200-closed-px screen; NOT an identified fault; inspect shape, bands and 1m/field data"
2543,4,3,3370.5,2057.5,-117.5767,37.6889,583.1,"below 200-closed-px screen; NOT an identified fault; inspect shape, bands and 1m/field data"
2544,1,1,3374.0,2050.0,-117.5852,37.6857,100.0,"below 200-closed-px screen; NOT an identified fault; inspect shape, bands and 1m/field data"
2546,1,1,3381.0,2174.0,-117.4446,37.68,500.0,"below 200-closed-px screen; NOT an identified fault; inspect shape, bands and 1m/field data"
2547,25,11,3387.0,2071.8,-117.5604,37.6741,100.0,"below 200-closed-px screen; NOT an identified fault; inspect shape, bands and 1m/field data"
2549,1,1,3385.0,2133.0,-117.491,37.6762,1264.9,"below 200-closed-px screen; NOT an identified fault; inspect shape, bands and 1m/field data"
2551,18,9,3398.22,2072.56,-117.5595,37.6639,300.0,"below 200-closed-px screen; NOT an identified fault; inspect shape, bands and 1m/field data"
2552,4,4,3395.75,2137.0,-117.4864,37.6665,935.3,"below 200-closed-px screen; NOT an identified fault; inspect shape, bands and 1m/field data"
2553,1,1,3405.0,1915.0,-117.738,37.6569,6341.1,"below 200-closed-px screen; NOT an identified fault; inspect shape, bands and 1m/field data"
2554,73,59,3417.12,1713.68,-117.9661,37.6443,141.4,"below 200-closed-px screen; NOT an identified fault; inspect shape, bands and 1m/field data"
2555,1,1,3410.0,2057.0,-117.577,37.6532,100.0,"below 200-closed-px screen; NOT an identified fault; inspect shape, bands and 1m/field data"
2556,1,1,3410.0,2065.0,-117.568,37.6533,100.0,"below 200-closed-px screen; NOT an identified fault; inspect shape, bands and 1m/field data"
2557,1,1,3416.0,2059.0,-117.5747,37.6479,282.8,"below 200-closed-px screen; NOT an identified fault; inspect shape, bands and 1m/field data"
2558,1,1,3416.0,2156.0,-117.4648,37.6483,1044.0,"below 200-closed-px screen; NOT an identified fault; inspect shape, bands and 1m/field data"
2559,1,1,3417.0,2047.0,-117.5883,37.6469,806.2,"below 200-closed-px screen; NOT an identified fault; inspect shape, bands and 1m/field data"
2560,1,1,3419.0,2153.0,-117.4682,37.6456,721.1,"below 200-closed-px screen; NOT an identified fault; inspect shape, bands and 1m/field data"
2562,1,1,3426.0,2044.0,-117.5917,37.6388,500.0,"below 200-closed-px screen; NOT an identified fault; inspect shape, bands and 1m/field data"
2563,12,5,3432.5,2046.17,-117.5892,37.6329,141.4,"below 200-closed-px screen; NOT an identified fault; inspect shape, bands and 1m/field data"
2564,1,1,3441.0,1735.0,-117.9417,37.623,1131.4,"below 200-closed-px screen; NOT an identified fault; inspect shape, bands and 1m/field data"
2565,5,5,3445.0,1736.8,-117.9396,37.6194,1077.0,"below 200-closed-px screen; NOT an identified fault; inspect shape, bands and 1m/field data"
2566,6,5,3445.5,2183.5,-117.4334,37.6219,500.0,"below 200-closed-px screen; NOT an identified fault; inspect shape, bands and 1m/field data"
2567,18,9,3458.72,2125.67,-117.4989,37.6097,1403.6,"below 200-closed-px screen; NOT an identified fault; inspect shape, bands and 1m/field data"
2568,1,1,3459.0,2005.0,-117.6356,37.6088,141.4,"below 200-closed-px screen; NOT an identified fault; inspect shape, bands and 1m/field data"
2569,2,2,3464.5,2002.5,-117.6384,37.6038,100.0,"below 200-closed-px screen; NOT an identified fault; inspect shape, bands and 1m/field data"
2570,1,1,3472.0,1982.0,-117.6616,37.5969,223.6,"below 200-closed-px screen; NOT an identified fault; inspect shape, bands and 1m/field data"
2571,1,1,3472.0,2119.0,-117.5064,37.5977,424.3,"below 200-closed-px screen; NOT an identified fault; inspect shape, bands and 1m/field data"
2572,4,4,3476.5,1970.75,-117.6743,37.5928,141.4,"below 200-closed-px screen; NOT an identified fault; inspect shape, bands and 1m/field data"
2573,2,2,3486.5,2112.0,-117.5142,37.5846,120.7,"below 200-closed-px screen; NOT an identified fault; inspect shape, bands and 1m/field data"
2574,1,1,3497.0,2136.0,-117.487,37.5752,100.0,"below 200-closed-px screen; NOT an identified fault; inspect shape, bands and 1m/field data"
2575,1,1,3500.0,2134.0,-117.4892,37.5725,100.0,"below 200-closed-px screen; NOT an identified fault; inspect shape, bands and 1m/field data"
2576,1,1,3504.0,2119.0,-117.5062,37.5688,223.6,"below 200-closed-px screen; NOT an identified fault; inspect shape, bands and 1m/field data"
2577,1,1,3508.0,2117.0,-117.5084,37.5652,100.0,"below 200-closed-px screen; NOT an identified fault; inspect shape, bands and 1m/field data"
2578,1,1,3510.0,2114.0,-117.5118,37.5634,100.0,"below 200-closed-px screen; NOT an identified fault; inspect shape, bands and 1m/field data"
2579,10,7,3512.4,2110.6,-117.5156,37.5612,100.0,"below 200-closed-px screen; NOT an identified fault; inspect shape, bands and 1m/field data"
2580,1,1,3620.0,1776.0,-117.8933,37.462,500.0,"below 200-closed-px screen; NOT an identified fault; inspect shape, bands and 1m/field data"
2582,1,1,3654.0,1830.0,-117.8319,37.4318,600.0,"below 200-closed-px screen; NOT an identified fault; inspect shape, bands and 1m/field data"
2583,1,1,3667.0,1832.0,-117.8295,37.4201,640.3,"below 200-closed-px screen; NOT an identified fault; inspect shape, bands and 1m/field data"
2584,1,1,3680.0,1835.0,-117.826,37.4084,1360.1,"below 200-closed-px screen; NOT an identified fault; inspect shape, bands and 1m/field data"
2585,66,59,3690.36,1864.62,-117.7924,37.3993,300.0,"below 200-closed-px screen; NOT an identified fault; inspect shape, bands and 1m/field data"
2586,1,1,3699.0,1850.0,-117.8089,37.3914,1029.6,"below 200-closed-px screen; NOT an identified fault; inspect shape, bands and 1m/field data"
2587,85,55,3709.15,1839.99,-117.8201,37.3822,100.0,"below 200-closed-px screen; NOT an identified fault; inspect shape, bands and 1m/field data"
2588,7,5,3716.71,1863.43,-117.7935,37.3755,1389.2,"below 200-closed-px screen; NOT an identified fault; inspect shape, bands and 1m/field data"
2589,1,1,3721.0,1865.0,-117.7917,37.3717,1360.1,"below 200-closed-px screen; NOT an identified fault; inspect shape, bands and 1m/field data"
